rq_time,start,end,request_id
6,18,476,0
21,323,238,1
29,397,425,2
30,95,219,3
52,576,527,4
53,621,527,5
57,339,271,6
77,443,443,7
78,41,291,8
113,420,266,9
130,206,686,10
160,331,527,11
166,331,219,12
166,678,462,13
174,246,205,14
201,406,418,15
213,18,43,16
218,678,631,17
226,51,43,18
245,219,621,19
260,291,478,20
273,668,211,21
278,243,453,22
286,686,345,23
335,206,574,24
343,160,340,25
344,631,291,26
364,185,246,27
365,88,95,28
374,418,425,29
386,399,125,30
404,686,185,31
414,377,206,32
422,200,43,33
436,631,41,34
439,592,97,35
459,159,170,36
470,340,271,37
470,686,246,38
512,238,95,39
553,462,160,40
554,574,527,41
563,233,291,42
585,443,420,43
587,674,143,44
600,243,18,45
606,41,99,46
608,246,674,47
627,243,418,48
632,668,418,49
653,41,496,50
663,159,686,51
680,453,205,52
694,23,388,53
702,527,205,54
715,484,206,55
720,159,677,56
736,453,205,57
746,206,503,58
763,238,339,59
766,527,267,60
772,88,478,61
773,503,238,62
787,104,361,63
793,246,266,64
806,674,674,65
825,340,465,66
827,41,527,67
830,219,23,68
842,621,339,69
850,527,677,70
864,205,200,71
871,576,104,72
879,200,453,73
901,496,657,74
909,125,508,75
927,95,686,76
948,51,576,77
964,508,631,78
972,388,648,79
974,399,508,80
982,527,678,81
990,531,648,82
991,462,95,83
994,626,246,84
998,331,531,85
999,443,397,86
1004,527,238,87
1008,104,219,88
1009,205,233,89
1018,238,674,90
1019,462,484,91
1032,443,95,92
1066,206,527,93
1083,219,478,94
1100,484,453,95
1113,143,465,96
1124,531,95,97
1126,453,626,98
1137,484,185,99
1138,648,41,100
1162,159,206,101
1172,478,678,102
1173,621,185,103
1174,271,574,104
1178,648,339,105
1181,339,657,106
1187,233,160,107
1196,170,574,108
1197,271,246,109
1213,453,95,110
1235,674,418,111
1264,125,380,112
1276,159,574,113
1327,266,484,114
1336,233,125,115
1355,420,243,116
1377,99,88,117
1378,388,453,118
1386,88,527,119
1401,377,243,120
1411,576,527,121
1433,422,233,122
1442,271,503,123
1452,238,576,124
1454,266,43,125
1476,323,205,126
1500,160,104,127
1557,170,508,128
1567,243,99,129
1576,418,668,130
1596,266,200,131
1606,668,200,132
1610,425,574,133
1610,205,43,134
1623,339,340,135
1632,476,380,136
1642,677,503,137
1690,97,422,138
1691,527,51,139
1700,443,267,140
1714,159,323,141
1720,159,291,142
1742,43,397,143
1747,508,18,144
1758,95,496,145
1760,453,339,146
1769,246,399,147
1777,527,181,148
1788,95,247,149
1796,331,462,150
1799,181,23,151
1799,678,170,152
1799,247,465,153
1804,339,291,154
1806,443,576,155
1808,677,267,156
1836,574,97,157
1838,41,205,158
1841,238,95,159
1847,678,211,160
1852,345,576,161
1861,678,397,162
1894,657,478,163
1902,267,631,164
1942,181,99,165
1962,206,205,166
1971,185,159,167
1976,181,233,168
1983,648,143,169
2020,443,460,170
2021,211,159,171
2028,678,99,172
2046,238,243,173
2066,476,496,174
2075,576,465,175
2085,243,657,176
2091,159,233,177
2100,418,238,178
2145,462,205,179
2152,422,397,180
2157,18,206,181
2160,170,592,182
2163,211,219,183
2163,399,160,184
2168,160,246,185
2168,246,418,186
2201,527,170,187
2217,99,331,188
2217,181,648,189
2220,323,97,190
2227,51,99,191
2235,266,211,192
2240,425,361,193
2248,453,418,194
2257,631,677,195
2276,51,678,196
2289,170,331,197
2296,621,238,198
2314,657,677,199
2317,677,159,200
2334,340,678,201
2372,291,88,202
2386,443,219,203
2405,443,631,204
2425,323,143,205
2456,592,247,206
2457,674,397,207
2470,422,460,208
2477,18,496,209
2528,246,361,210
2532,420,576,211
2557,95,160,212
2558,97,233,213
2585,267,503,214
2608,476,674,215
2625,170,380,216
2626,51,340,217
2627,331,453,218
2661,592,266,219
2687,331,631,220
2691,345,686,221
2714,361,267,222
2716,104,200,223
2725,211,668,224
2735,323,246,225
2753,339,291,226
2755,420,159,227
2759,380,51,228
2772,626,484,229
2777,453,291,230
2819,397,443,231
2821,143,159,232
2823,503,576,233
2824,339,104,234
2826,674,425,235
2849,291,267,236
2858,377,406,237
2869,668,527,238
2870,143,181,239
2873,422,425,240
2875,23,18,241
2876,657,339,242
2907,677,160,243
2926,266,185,244
2928,104,484,245
2929,340,476,246
2934,631,686,247
2943,621,527,248
2962,170,626,249
2968,170,576,250
2979,43,104,251
2981,246,678,252
2986,331,205,253
2998,592,170,254
3003,345,43,255
3032,97,574,256
3060,23,361,257
3061,425,243,258
3064,418,399,259
3104,95,51,260
3105,18,418,261
3111,271,331,262
3118,219,503,263
3118,418,657,264
3119,160,323,265
3172,460,425,266
3178,205,159,267
3197,211,181,268
3198,508,205,269
3203,418,88,270
3218,443,453,271
3224,626,266,272
3239,266,51,273
3255,626,185,274
3257,41,345,275
3293,621,323,276
3305,574,677,277
3325,668,496,278
3343,576,170,279
3347,291,339,280
3355,626,399,281
3355,219,399,282
3373,399,125,283
3376,380,503,284
3380,621,648,285
3383,271,340,286
3397,377,170,287
3409,339,143,288
3420,51,340,289
3454,503,323,290
3458,246,674,291
3483,503,361,292
3502,677,266,293
3529,247,18,294
3531,43,484,295
3534,323,233,296
3568,377,443,297
3579,460,97,298
3591,23,97,299
3593,503,648,300
3613,476,205,301
3626,406,99,302
3627,443,246,303
3641,323,574,304
3643,291,340,305
3683,170,443,306
3693,267,205,307
3744,43,592,308
3765,95,453,309
3781,211,508,310
3787,185,170,311
3790,503,576,312
3793,125,686,313
3801,686,181,314
3828,631,388,315
3831,331,420,316
3841,331,271,317
3854,686,377,318
3864,323,246,319
3890,443,41,320
3897,95,345,321
3903,626,668,322
3938,271,246,323
3962,238,626,324
3974,592,380,325
4039,143,291,326
4060,23,159,327
4078,462,418,328
4079,97,621,329
4089,211,200,330
4098,340,51,331
4120,159,496,332
4127,200,592,333
4131,677,406,334
4143,476,453,335
4154,104,420,336
4159,399,345,337
4171,99,170,338
4178,478,323,339
4198,211,43,340
4219,233,323,341
4242,266,484,342
4251,23,648,343
4252,484,291,344
4252,460,205,345
4265,181,496,346
4275,211,460,347
4278,43,18,348
4287,51,503,349
4291,668,211,350
4300,271,41,351
4322,503,246,352
4328,185,361,353
4337,339,243,354
4354,657,339,355
4357,323,496,356
4370,331,170,357
4372,626,246,358
4379,185,125,359
4434,143,23,360
4444,43,361,361
4444,422,170,362
4461,668,465,363
4467,484,291,364
4502,267,361,365
4506,219,399,366
4545,631,657,367
4547,266,377,368
4550,88,621,369
4554,267,323,370
4573,399,205,371
4609,246,592,372
4616,657,233,373
4628,99,181,374
4669,503,331,375
4670,170,361,376
4683,271,331,377
4697,181,104,378
4705,361,125,379
4718,340,377,380
4768,397,484,381
4773,478,496,382
4775,41,406,383
4791,143,592,384
4800,206,143,385
4805,668,631,386
4831,104,339,387
4865,43,181,388
4892,238,125,389
4895,418,460,390
4896,443,406,391
4926,185,677,392
4929,406,527,393
4944,425,422,394
4958,443,462,395
4976,484,476,396
5005,380,125,397
5005,425,626,398
5019,576,233,399
5021,380,125,400
5025,686,648,401
5032,97,476,402
5035,181,266,403
5047,631,125,404
5050,668,205,405
5054,243,185,406
5054,104,621,407
5075,95,631,408
5080,233,160,409
5082,205,181,410
5101,271,233,411
5112,200,41,412
5128,422,233,413
5133,345,246,414
5155,388,323,415
5161,339,678,416
5167,99,443,417
5171,271,125,418
5217,496,631,419
5219,43,18,420
5227,527,211,421
5235,399,380,422
5253,397,678,423
5264,125,233,424
5289,185,266,425
5295,380,159,426
5299,453,267,427
5307,420,340,428
5309,206,465,429
5315,340,247,430
5317,97,678,431
5326,496,418,432
5340,170,206,433
5349,377,170,434
5357,95,243,435
5360,104,478,436
5383,677,674,437
5384,460,143,438
5414,686,345,439
5438,340,631,440
5455,465,484,441
5463,243,247,442
5466,219,159,443
5476,331,18,444
5486,686,41,445
5502,460,527,446
5561,345,238,447
5561,460,678,448
5592,323,247,449
5605,626,247,450
5627,233,484,451
5635,181,238,452
5636,88,125,453
5645,397,626,454
5646,484,574,455
5672,377,531,456
5700,648,425,457
5717,626,205,458
5723,418,23,459
5726,576,508,460
5730,420,668,461
5745,465,527,462
5757,181,425,463
5760,41,143,464
5765,345,97,465
5766,104,478,466
5795,170,406,467
5831,266,380,468
5833,267,211,469
5838,648,243,470
5846,88,206,471
5850,678,238,472
5854,104,143,473
5855,377,18,474
5880,621,465,475
5881,97,422,476
5894,443,233,477
5901,185,243,478
5913,238,291,479
5916,104,185,480
5918,380,465,481
5919,291,496,482
5938,668,243,483
5939,592,677,484
5941,181,576,485
5941,657,399,486
5960,648,104,487
5967,125,425,488
5978,18,95,489
5998,677,476,490
6027,97,18,491
6055,361,657,492
6059,476,674,493
6070,397,678,494
6099,388,465,495
6104,380,246,496
6112,686,462,497
6129,626,668,498
6170,388,181,499
6171,185,399,500
6177,41,267,501
6204,503,576,502
6231,462,460,503
6231,238,267,504
6247,686,233,505
6260,99,484,506
6263,104,422,507
6266,95,465,508
6267,125,674,509
6267,420,527,510
6277,143,674,511
6282,233,462,512
6310,99,125,513
6321,377,678,514
6323,160,626,515
6329,380,206,516
6362,478,484,517
6368,95,531,518
6376,345,143,519
6376,657,159,520
6377,422,267,521
6383,41,97,522
6384,420,453,523
6391,397,668,524
6400,206,484,525
6405,465,43,526
6418,478,686,527
6424,345,388,528
6434,88,377,529
6452,267,621,530
6462,200,422,531
6488,238,657,532
6500,267,648,533
6520,508,361,534
6520,648,648,535
6538,621,686,536
6542,200,143,537
6551,361,631,538
6557,206,476,539
6560,648,125,540
6566,531,678,541
6593,143,211,542
6596,465,418,543
6597,592,465,544
6599,159,527,545
6602,686,380,546
6610,406,668,547
6617,527,159,548
6628,508,95,549
6631,205,97,550
6649,686,377,551
6679,51,233,552
6685,97,267,553
6693,425,51,554
6696,41,243,555
6708,686,211,556
6744,200,97,557
6756,531,503,558
6805,104,531,559
6809,476,95,560
6812,388,185,561
6817,51,576,562
6824,340,41,563
6831,397,484,564
6880,626,205,565
6914,266,380,566
6920,43,503,567
6921,345,211,568
6922,399,160,569
6922,377,18,570
6929,51,422,571
6933,686,339,572
6954,380,51,573
6956,266,331,574
6956,266,125,575
6961,51,243,576
6966,399,246,577
6969,674,233,578
7020,388,339,579
7022,397,418,580
7038,247,233,581
7061,266,51,582
7061,159,388,583
7067,422,266,584
7071,266,361,585
7075,496,271,586
7084,406,443,587
7095,422,170,588
7096,621,422,589
7099,397,503,590
7110,484,465,591
7114,592,159,592
7128,678,159,593
7146,686,678,594
7168,233,95,595
7179,380,51,596
7181,406,503,597
7184,51,23,598
7193,496,345,599
