from_node,to_node,distance,travel_time,source_edge_id
2,1,46.98371138,2.627483256,131073
1,2,46.98371138,2.627483256,14571
2,7,72.90074351,2.717899138,116514
7,2,72.90074351,2.717899138,204330
3,1,23.35054478,1.492387496,40063
1,3,23.35054478,1.492387496,56183
3,7,93.93825236,5.253335208,131160
7,3,93.93825236,5.253335208,29082
4,2,21.06878933,1.178235809,131081
2,4,21.06878933,1.178235809,71275
5,4,18.48247486,1.03360062,131082
4,5,18.48247486,1.03360062,86641
6,0,117.0674352,7.482051407,37333
0,6,117.0674352,7.482051407,134061
7,716,1.187875003,0.044286578,215922
716,7,1.187875003,0.044286578,43664
8,698,106.1045869,6.781390335,169623
698,8,106.1045869,6.781390335,106317
9,6,117.0509309,7.480996582,37334
6,9,117.0509309,7.480996582,62744
10,8,117.7416007,7.525138887,40071
8,10,117.7416007,7.525138887,196997
11,9,105.9314075,6.770322038,37335
9,11,105.9314075,6.770322038,196953
12,10,97.09122036,6.205325167,40072
10,12,97.09122036,6.205325167,215225
12,16,250.7801758,12.46617781,139326
16,12,250.7801758,12.46617781,183831
13,5,342.9612255,12.78634447,37584
5,13,342.9612255,12.78634447,109800
13,5,350.7744699,19.61645897,212962
5,13,350.7744699,19.61645897,27269
14,11,206.3821844,13.19036426,37314
11,14,206.3821844,13.19036426,22913
14,715,148.3804085,5.531946107,215921
715,14,148.3804085,5.531946107,171580
15,14,29.57031303,1.889907316,37324
14,15,29.57031303,1.889907316,5329
16,17,9.372319703,0.349420574,137260
17,16,9.372319703,0.349420574,97300
17,15,25.51930423,1.630997944,37323
15,17,25.51930423,1.630997944,140566
17,22,92.30432109,3.441306941,116510
22,17,92.30432109,3.441306941,137812
18,14,82.33100936,3.06948007,37580
14,18,82.33100936,3.06948007,208556
18,11,292.5415666,16.359884,131071
11,18,292.5415666,16.359884,98294
19,20,14.55719184,0.930383907,42033
20,19,14.55719184,0.930383907,45949
20,18,63.68855262,2.374448516,137271
18,20,63.68855262,2.374448516,89821
20,21,9.349960462,0.597577667,42031
21,20,9.349960462,0.597577667,63655
21,22,9.739302021,0.62246139,42032
22,21,9.739302021,0.62246139,184911
22,23,48.30575178,3.087332677,42030
23,22,48.30575178,3.087332677,91643
22,31,241.7662223,9.013573461,116508
31,22,241.7662223,9.013573461,117793
23,17,87.82762735,5.613267445,37321
17,23,87.82762735,5.613267445,54504
23,24,86.29931751,5.515589617,42026
24,23,86.29931751,5.515589617,96009
24,25,83.98166519,5.367463079,42028
25,24,83.98166519,5.367463079,200788
25,27,88.1225244,5.632114999,42027
27,25,88.1225244,5.632114999,55377
26,20,121.2368581,4.519975191,37579
20,26,121.2368581,4.519975191,20177
27,35,335.8227973,21.46321416,42023
35,27,335.8227973,21.46321416,117039
28,23,114.7979744,7.337004904,37317
23,28,114.7979744,7.337004904,1013
28,29,83.40889731,9.328998272,39641
29,28,83.40889731,9.328998272,219017
29,24,114.8173954,7.338246142,40058
24,29,114.8173954,7.338246142,43456
30,26,118.8523564,4.431075754,37577
26,30,118.8523564,4.431075754,51105
31,36,34.5837207,1.289356736,116509
36,31,34.5837207,1.289356736,56026
32,30,16.33757575,0.609100551,37578
30,32,16.33757575,0.609100551,758
33,32,9.389324309,1.050163628,54932
32,33,9.389324309,1.050163628,191961
34,37,71.33231736,7.978274343,39435
37,34,71.33231736,7.978274343,11042
35,43,97.22718584,10.87452631,42025
43,35,97.22718584,10.87452631,217386
35,730,303.7177157,19.41130391,42024
730,35,303.7177157,19.41130391,53946
36,33,13.15975192,1.471872988,54931
33,36,13.15975192,1.471872988,24614
36,53,202.0704467,7.533628142,116506
53,36,202.0704467,7.533628142,197934
37,28,118.9805843,7.604325203,37318
28,37,118.9805843,7.604325203,173686
37,40,84.24949889,9.423016667,39434
40,37,84.24949889,9.423016667,36386
38,36,34.22728932,3.828204582,54929
36,38,34.22728932,3.828204582,205030
39,32,65.0796181,2.426310479,37575
32,39,65.0796181,2.426310479,7124
40,29,117.7084563,7.523020551,40059
29,40,117.7084563,7.523020551,144554
40,41,56.12249457,6.277107979,39432
41,40,56.12249457,6.277107979,31027
41,42,27.55162867,6.1631098,138430
42,41,27.55162867,6.1631098,16534
42,44,37.70499441,4.217173935,138431
44,42,37.70499441,4.217173935,138523
42,25,231.6642421,51.82169729,14594
25,42,231.6642421,51.82169729,118236
43,730,253.4052468,16.19571728,33849
730,43,253.4052468,16.19571728,14730
44,46,50.50024966,5.648279224,39433
46,44,50.50024966,5.648279224,78266
45,38,57.37069922,6.416715376,19355
38,45,57.37069922,6.416715376,60719
45,34,116.3698632,13.01556893,19354
34,45,116.3698632,13.01556893,38397
45,47,83.12270983,9.296989186,38325
47,45,83.12270983,9.296989186,194970
46,27,230.9877285,14.76296167,36367
27,46,230.9877285,14.76296167,98485
47,49,84.37236182,9.436758463,38324
49,47,84.37236182,9.436758463,56919
47,37,112.7055445,7.20327285,37319
37,47,112.7055445,7.20327285,88524
48,50,67.4749316,4.312479436,34281
50,48,67.4749316,4.312479436,97749
48,39,207.6446748,10.32193007,131012
39,48,207.6446748,10.32193007,167092
49,55,72.96775093,8.161191962,38326
55,49,72.96775093,8.161191962,188924
49,40,113.9560746,7.28319713,40061
40,49,113.9560746,7.28319713,150471
50,51,5.109379051,0.32655227,34282
51,50,5.109379051,0.32655227,20512
51,52,14.55747903,0.930402261,34284
52,51,14.55747903,0.930402261,166385
51,39,158.9563415,5.926240016,37593
39,51,158.9563415,5.926240016,137170
52,53,10.92585351,0.698296648,34285
53,52,10.92585351,0.698296648,4995
53,54,3.720558153,0.138710544,116522
54,53,3.720558153,0.138710544,150249
53,57,38.94408977,2.489007137,34283
57,53,38.94408977,2.489007137,33482
54,66,122.1031235,4.552271458,116515
66,54,122.1031235,4.552271458,68481
54,67,115.4725457,6.45760353,131251
67,54,115.4725457,6.45760353,169848
55,56,10.69249248,2.391837011,161533
56,55,10.69249248,2.391837011,206358
56,42,116.5599995,26.07367004,14595
42,56,116.5599995,26.07367004,203722
57,38,174.4904876,19.51616086,54928
38,57,174.4904876,19.51616086,77782
57,59,57.08148053,5.107493808,34273
59,57,57.08148053,5.107493808,79367
58,43,278.9086786,17.82570078,33848
43,58,278.9086786,17.82570078,123204
59,45,117.0535183,13.09203341,19351
45,59,117.0535183,13.09203341,211350
59,61,83.39442236,7.461903438,34278
61,59,83.39442236,7.461903438,11613
60,48,76.59460865,6.853474818,131070
48,60,76.59460865,6.853474818,179941
60,50,119.0596003,7.609375302,134302
50,60,119.0596003,7.609375302,59037
61,62,83.74395002,7.493178212,34274
62,61,83.74395002,7.493178212,158378
61,47,117.8968608,7.535061922,37320
47,61,117.8968608,7.535061922,103420
62,49,117.3671777,7.501208643,40052
49,62,117.3671777,7.501208643,136197
62,70,84.71842196,7.580371279,34275
70,62,84.71842196,7.580371279,161016
63,60,58.78203194,3.287284043,131066
60,63,58.78203194,3.287284043,17195
63,64,63.127624,5.648486089,32496
64,63,63.127624,5.648486089,61627
64,51,128.7642024,4.800611046,37585
51,64,128.7642024,4.800611046,160621
64,65,12.43344918,1.11251082,32497
65,64,12.43344918,1.11251082,79042
65,66,11.9767397,1.071645712,32498
66,65,11.9767397,1.071645712,127811
66,108,308.3203793,11.49485798,116517
108,66,308.3203793,11.49485798,48740
66,67,30.65627428,2.743039067,32494
67,66,30.65627428,2.743039067,52398
67,68,20.1467036,1.802671601,32495
68,67,20.1467036,1.802671601,95217
67,71,21.55261469,1.20529291,131254
71,67,21.55261469,1.20529291,94251
68,57,120.2983876,13.45496087,54944
57,68,120.2983876,13.45496087,65725
68,71,32.54189967,2.911759638,131151
71,68,32.54189967,2.911759638,31493
68,72,82.01217027,7.338223325,32493
72,68,82.01217027,7.338223325,176640
69,64,28.16886339,1.050196827,37590
64,69,28.16886339,1.050196827,121924
70,56,114.530197,25.61961719,14589
56,70,114.530197,25.61961719,212327
70,73,88.51278645,7.919880573,34276
73,70,88.51278645,7.919880573,89520
71,108,301.030429,14.96409692,131150
108,71,301.030429,14.96409692,13074
71,83,218.3521286,12.21096727,131253
83,71,218.3521286,12.21096727,99222
72,59,117.599823,13.15313571,19352
59,72,117.599823,13.15313571,92625
72,74,83.949169,7.511540641,32487
74,72,83.949169,7.511540641,55241
73,75,144.5269553,12.93187427,34277
75,73,144.5269553,12.93187427,19824
73,46,231.9513982,14.82455204,217836
46,73,231.9513982,14.82455204,40431
74,61,116.071285,12.98217399,37316
61,74,116.071285,12.98217399,174706
74,76,83.70955298,7.490100459,32486
76,74,83.70955298,7.490100459,22459
75,58,209.2803435,13.37559233,33847
58,75,209.2803435,13.37559233,201216
76,62,116.0027283,12.97450615,40057
62,76,116.0027283,12.97450615,115026
76,78,84.7142412,7.579997196,32489
78,76,84.7142412,7.579997196,5047
77,68,117.4752827,13.13920631,54948
68,77,117.4752827,13.13920631,44068
77,80,83.20146765,9.305797978,29342
80,77,83.20146765,9.305797978,68901
78,81,88.69637895,7.936307925,32490
81,78,88.69637895,7.936307925,115450
78,70,115.8830536,25.92224191,14593
70,78,115.8830536,25.92224191,213172
79,63,176.540786,9.872739843,131067
63,79,176.540786,9.872739843,64311
79,69,187.0531996,9.298336442,131010
69,79,187.0531996,9.298336442,198281
80,82,83.48849794,9.337901327,29340
82,80,83.48849794,9.337901327,178942
80,72,115.8302193,12.95521162,19374
72,80,115.8302193,12.95521162,71561
81,85,155.6821014,13.93000604,32488
85,81,155.6821014,13.93000604,165033
81,73,115.4938642,7.381480836,36369
73,81,115.4938642,7.381480836,119415
82,84,84.58659809,9.460720053,29339
84,82,84.58659809,9.460720053,33904
82,74,115.7369261,12.9447771,37313
74,82,115.7369261,12.9447771,103191
83,87,22.58712076,2.021033413,131255
87,83,22.58712076,2.021033413,131346
83,122,107.8757175,6.032763977,131249
122,83,107.8757175,6.032763977,176912
84,100,71.53146722,8.000548569,29341
100,84,71.53146722,8.000548569,15592
84,76,115.9976831,12.97394187,40056
76,84,115.9976831,12.97394187,17962
85,75,118.5521562,7.576943369,33851
75,85,118.5521562,7.576943369,218971
87,125,105.6403408,9.452407006,131252
125,87,105.6403408,9.452407006,170915
88,69,249.4162925,9.298784808,37587
69,88,249.4162925,9.298784808,156480
89,90,48.28049791,1.800002542,37573
90,89,48.28049791,1.800002542,65137
90,91,12.83421566,0.478487626,37599
91,90,12.83421566,0.478487626,2148
91,92,14.07370887,0.524698643,37598
92,91,14.07370887,0.524698643,168560
92,94,7.658312183,0.285518625,137356
94,92,7.658312183,0.285518625,211779
92,96,14.71271841,0.822783474,131469
96,92,14.71271841,0.822783474,29650
92,103,11.18246359,0.500288036,131480
103,92,11.18246359,0.500288036,11097
92,93,189.4273022,10.5933961,138120
93,92,189.4273022,10.5933961,156565
93,95,2.076378899,0.116117919,131483
95,93,2.076378899,0.116117919,105134
94,95,171.9051342,9.613498988,137773
95,94,171.9051342,9.613498988,153256
94,132,335.90776,12.52337586,37595
132,94,335.90776,12.52337586,219093
95,119,81.96910185,3.3338044,134882
119,95,81.96910185,3.3338044,53562
96,98,6.283612974,0.351400249,131471
98,96,6.283612974,0.351400249,155278
97,86,18.17106556,1.161354961,51936
86,97,18.17106556,1.161354961,116695
97,89,332.9621816,12.41355825,37629
89,97,332.9621816,12.41355825,5585
98,90,9.49294205,0.530876458,134785
90,98,9.49294205,0.530876458,213402
98,102,9.829504646,0.549698143,131470
102,98,9.829504646,0.549698143,168063
99,90,9.624153516,0.538214234,134886
90,99,9.624153516,0.538214234,79948
100,106,12.28855741,2.748865758,161662
106,100,12.28855741,2.748865758,165504
101,98,5.392462472,0.30156419,134786
98,101,5.392462472,0.30156419,134261
101,92,18.95160027,1.059835652,134892
92,101,18.95160027,1.059835652,41509
102,99,2.457376162,0.137424536,102098
99,102,2.457376162,0.137424536,43559
102,109,14.99417743,0.838523586,131466
109,102,14.99417743,0.838523586,68367
103,112,11.56634677,0.517462441,131479
112,103,11.56634677,0.517462441,70458
104,114,38.50153169,1.435421297,37630
114,104,38.50153169,1.435421297,133593
104,116,39.06318513,2.184541448,131244
116,104,39.06318513,2.184541448,7614
105,77,114.0813209,12.75960335,54949
77,105,114.0813209,12.75960335,81812
105,113,82.73116503,9.253196247,27089
113,105,82.73116503,9.253196247,54788
106,78,116.8431057,26.13699896,14592
78,106,116.8431057,26.13699896,111221
107,97,11.4926739,0.734523454,51940
97,107,11.4926739,0.734523454,187853
108,130,112.0379541,4.177019935,116518
130,108,112.0379541,4.177019935,209655
109,104,318.9863844,11.89250997,116552
104,109,318.9863844,11.89250997,129875
109,118,101.4623728,5.674108705,131473
118,109,101.4623728,5.674108705,120530
110,109,12.25250507,0.456800183,37574
109,110,12.25250507,0.456800183,210968
110,102,8.018082501,0.448397474,134885
102,110,8.018082501,0.448397474,176547
110,101,16.06237584,0.898260745,134891
101,110,16.06237584,0.898260745,512
111,110,10.82391966,0.403539395,116529
110,111,10.82391966,0.403539395,177032
112,111,12.67762881,0.472649725,116528
111,112,12.67762881,0.472649725,64114
112,101,16.09390181,0.900023781,134784
101,112,16.09390181,0.900023781,143999
112,153,122.4009409,6.845062117,131476
153,112,122.4009409,6.845062117,102133
113,80,98.63091033,11.03152807,19372
80,113,98.63091033,11.03152807,204168
114,107,10.92585351,0.698296648,51941
107,114,10.92585351,0.698296648,71845
114,167,241.7146869,9.011652109,116551
167,114,241.7146869,9.011652109,169792
115,112,45.34149726,1.690430171,116527
112,115,45.34149726,1.690430171,155389
116,114,7.245013293,0.46304561,51938
114,116,7.245013293,0.46304561,32762
116,190,304.0586864,17.00395912,131242
190,116,304.0586864,17.00395912,67977
117,121,116.807962,6.532284391,131188
121,117,116.807962,6.532284391,22904
118,117,132.0343278,7.383792707,134787
117,118,132.0343278,7.383792707,77692
118,134,102.4678922,9.168545039,131472
134,118,102.4678922,9.168545039,60187
119,132,92.57653272,3.765224276,131009
132,119,92.57653272,3.765224276,94375
120,79,161.0719963,9.007674383,131069
79,120,161.0719963,9.007674383,37281
121,116,18.85083892,1.204800854,51939
116,121,18.85083892,1.204800854,28727
121,190,292.5429326,16.35996039,131186
190,121,292.5429326,16.35996039,150305
122,171,193.1183303,10.7998105,131250
171,122,193.1183303,10.7998105,89194
123,85,65.96728348,4.216122146,33852
85,123,65.96728348,4.216122146,7599
124,120,10.9728,1.227269938,257
120,124,10.9728,1.227269938,63988
124,88,107.6818909,4.014616371,37592
88,124,107.6818909,4.014616371,61363
126,124,16.764,1.874995739,250
124,126,16.764,1.874995739,156315
127,110,71.71531932,4.010555897,134888
110,127,71.71531932,4.010555897,24755
128,115,133.5421897,8.534991194,131191
115,128,133.5421897,8.534991194,211310
128,129,57.20585271,3.19913893,131246
129,128,57.20585271,3.19913893,70418
129,112,134.8968516,7.543874433,134783
112,129,134.8968516,7.543874433,6454
129,153,148.8550588,8.324463163,131248
153,129,148.8550588,8.324463163,188668
130,126,16.1544,1.806814075,254
126,130,16.1544,1.806814075,203239
130,155,100.2877671,3.738947268,116519
155,130,100.2877671,3.738947268,154023
131,128,104.3598343,5.836144254,131247
128,131,104.3598343,5.836144254,193918
131,115,236.6902637,8.824330625,116524
115,131,236.6902637,8.824330625,78383
132,135,31.53023043,1.175515941,37597
135,132,31.53023043,1.175515941,161299
133,120,72.68633284,4.064858158,131068
120,133,72.68633284,4.064858158,187636
133,124,65.7273479,2.450459263,37588
124,133,65.7273479,2.450459263,159469
134,117,101.4078721,9.07369735,131187
117,134,101.4078721,9.07369735,158696
134,169,145.2470245,12.99630408,134883
169,134,145.2470245,12.99630408,8581
135,154,89.77537211,3.347022193,37594
154,135,89.77537211,3.347022193,207402
136,106,101.8096032,22.77410787,162761
106,136,101.8096032,22.77410787,92503
137,84,131.2428683,14.6790634,40054
84,137,131.2428683,14.6790634,28352
137,706,70.10230385,7.840701562,198945
706,137,70.10230385,7.840701562,217643
138,137,82.61937857,9.240693315,23580
137,138,82.61937857,9.240693315,408
138,82,160.392743,17.93937662,37312
82,138,160.392743,17.93937662,592
139,113,90.64491594,10.13832207,19371
113,139,90.64491594,10.13832207,137604
139,138,85.03974623,9.511403114,23584
138,139,85.03974623,9.511403114,38485
140,139,83.43392124,9.331797112,23583
139,140,83.43392124,9.331797112,95625
140,105,105.5170105,11.80171469,54945
105,140,105.5170105,11.80171469,94215
141,86,189.9666855,10.62356018,134779
86,141,189.9666855,10.62356018,131912
141,97,183.7716586,6.851409306,37628
97,141,183.7716586,6.851409306,164672
142,133,37.12283068,1.384020308,37589
133,142,37.12283068,1.384020308,178771
143,140,82.08521718,9.180949201,23585
140,143,82.08521718,9.180949201,53362
144,125,41.75871017,4.6705681,30248
125,144,41.75871017,4.6705681,117317
144,143,78.33411405,8.761401218,23582
143,144,78.33411405,8.761401218,122000
145,135,13.42503357,1.501543828,1661
135,145,13.42503357,1.501543828,215893
146,148,72.84783764,8.147780073,23533
148,146,72.84783764,8.147780073,4476
148,149,85.03974623,9.511403114,23532
149,148,85.03974623,9.511403114,83359
149,705,55.44779731,6.201645411,198825
705,149,55.44779731,6.201645411,164245
150,142,13.4112,1.499996591,538
142,150,13.4112,1.499996591,47433
151,131,100.3466092,3.74114103,116523
131,151,100.3466092,3.74114103,201024
151,145,14.35477273,1.605531956,1662
145,151,14.35477273,1.605531956,163163
152,142,89.46000073,3.335264458,37591
142,152,89.46000073,3.335264458,118991
153,213,262.0980062,14.65738024,131245
213,153,262.0980062,14.65738024,101121
153,213,247.8531116,13.86075901,218275
213,153,247.8531116,13.86075901,96791
154,157,86.79983142,3.236087529,37596
157,154,86.79983142,3.236087529,57138
155,150,14.9352,1.670450749,537
150,155,14.9352,1.670450749,53460
155,160,46.17723679,1.721588368,140341
160,155,46.17723679,1.721588368,101289
156,155,4.5793152,0.512180654,140342
155,156,4.5793152,0.512180654,213726
156,160,45.31633282,4.054780765,140350
160,156,45.31633282,4.054780765,79589
157,152,84.99901154,3.168949026,37586
152,157,84.99901154,3.168949026,27840
158,154,9.144,1.022724948,1466
154,158,9.144,1.022724948,158858
159,152,10.9728,1.227269938,851
152,159,10.9728,1.227269938,89877
160,165,41.79364053,1.558158313,116520
165,160,41.79364053,1.558158313,94263
161,156,85.82825877,7.679676423,131149
156,161,85.82825877,7.679676423,4610
161,130,65.532,7.329528797,253
130,161,65.532,7.329528797,62395
162,128,209.3161711,13.37788215,131190
128,162,209.3161711,13.37788215,7401
162,151,23.17281966,2.591800174,1660
151,162,23.17281966,2.591800174,46384
163,157,10.668,1.193179106,1188
157,163,10.668,1.193179106,63767
164,158,10.0584,1.124997443,1468
158,164,10.0584,1.124997443,35940
164,151,88.31524115,3.292585318,116525
151,164,88.31524115,3.292585318,74982
165,159,11.8872,1.329542433,852
159,165,11.8872,1.329542433,139217
165,166,84.89237936,3.164973546,116516
166,165,84.89237936,3.164973546,31130
166,164,86.98319578,3.242923754,116526
164,166,86.98319578,3.242923754,53164
166,163,10.668,1.193179106,1187
163,166,10.668,1.193179106,91591
167,212,200.8190045,11.23045746,131232
212,167,200.8190045,11.23045746,75632
167,248,370.9871289,13.83121144,116505
248,167,370.9871289,13.83121144,175076
168,164,29.5656,3.306810666,1467
164,168,29.5656,3.306810666,50262
168,162,90.96990763,5.814097868,131192
162,168,90.96990763,5.814097868,77459
169,121,191.8576,12.26206437,51934
121,169,191.8576,12.26206437,22083
170,161,70.8385342,7.923046394,140351
161,170,70.8385342,7.923046394,179313
170,171,9.488563608,1.061263203,140355
171,170,9.488563608,1.061263203,173714
170,181,85.52736893,9.565942035,16769
181,170,85.52736893,9.565942035,35975
171,182,10.403555,0.581800921,140353
182,171,10.403555,0.581800921,17326
171,183,76.05858182,8.506890766,16835
183,171,76.05858182,8.506890766,191301
172,81,300.2719022,19.19107397,36371
81,172,300.2719022,19.19107397,212759
173,172,90.37762064,10.10842601,16830
172,173,90.37762064,10.10842601,8984
173,136,115.959499,12.96967111,14590
136,173,115.959499,12.96967111,54812
174,173,83.78902592,9.371514349,16829
173,174,83.78902592,9.371514349,20149
174,137,115.9838659,12.97239647,40053
137,174,115.9838659,12.97239647,117813
175,174,83.85954719,9.37940191,16828
174,175,83.85954719,9.37940191,81442
175,138,116.3712231,13.01572103,37337
138,175,116.3712231,13.01572103,175284
176,139,116.7447664,13.05750057,19370
139,176,116.7447664,13.05750057,187712
176,175,83.66481309,9.357621571,16834
175,176,83.66481309,9.357621571,118766
177,140,115.7412905,12.94526524,54946
140,177,115.7412905,12.94526524,188618
177,176,84.43045496,9.443255981,16833
176,177,84.43045496,9.443255981,173872
178,177,81.99146173,9.170462977,16831
177,178,81.99146173,9.170462977,205539
178,143,115.3958537,12.90662933,61884
143,178,115.3958537,12.90662933,204457
179,165,65.83750555,7.363698542,849
165,179,65.83750555,7.363698542,169151
179,180,84.1248,9.409069525,16768
180,179,84.1248,9.409069525,88283
180,166,60.65596429,6.784160973,1185
166,180,60.65596429,6.784160973,132655
180,184,86.87013893,9.716126242,16772
184,180,86.87013893,9.716126242,43272
181,179,85.64964716,9.579618435,16767
179,181,85.64964716,9.579618435,164846
181,156,82.8982848,9.271888018,535
156,181,82.8982848,9.271888018,145083
182,170,4.990229915,0.558140052,251
170,182,4.990229915,0.558140052,44531
182,181,85.77153824,4.796625766,140354
181,182,85.77153824,4.796625766,24262
183,144,115.8256026,12.95469526,30246
144,183,115.8256026,12.95469526,98998
183,178,79.25034458,8.863878453,16832
178,183,79.25034458,8.863878453,175764
184,168,40.2336,4.499989773,1464
168,184,40.2336,4.499989773,26544
184,185,85.79780444,9.596189317,16771
185,184,85.79780444,9.596189317,55548
185,162,74.3477774,8.315543176,1658
162,185,74.3477774,8.315543176,174841
185,186,85.21385573,9.530876663,16770
186,185,85.21385573,9.530876663,211096
186,146,115.5241359,12.92097724,1829
146,186,115.5241359,12.92097724,136142
186,187,85.6488,9.579523683,16775
187,186,85.6488,9.579523683,87457
187,148,108.8136,12.17042689,2032
148,187,108.8136,12.17042689,84750
187,188,84.73494821,9.477312504,16774
188,187,84.73494821,9.477312504,8184
188,149,108.8140269,12.17047463,2282
149,188,108.8140269,12.17047463,85892
188,189,82.9056,9.272706198,16773
189,188,82.9056,9.272706198,213159
189,147,109.4270205,12.23903586,2493
147,189,109.4270205,12.23903586,65620
190,211,94.20637772,5.268329658,131243
211,190,94.20637772,5.268329658,100328
190,212,123.2982149,6.89524062,131189
212,190,123.2982149,6.89524062,4488
191,141,258.3088558,9.630319013,37627
141,191,258.3088558,9.630319013,173621
192,172,115.5196689,7.383130074,36372
172,192,115.5196689,7.383130074,160666
193,192,88.69732371,9.920490574,11379
192,193,88.69732371,9.920490574,139056
193,194,10.0584,1.124997443,11380
194,193,10.0584,1.124997443,74735
193,173,116.1933044,12.99582144,14591
173,193,116.1933044,12.99582144,107258
195,194,75.28621701,8.420504418,11378
194,195,75.28621701,8.420504418,216983
195,174,115.6787856,12.93827428,40055
174,195,115.6787856,12.93827428,214184
196,195,83.5174248,9.341136697,11377
195,196,83.5174248,9.341136697,207151
196,175,115.5842321,12.9276988,37315
175,196,115.5842321,12.9276988,49809
197,196,82.90616141,9.27276899,11384
196,197,82.90616141,9.27276899,95391
197,176,115.2247837,12.88749573,19373
176,197,115.2247837,12.88749573,114160
198,177,115.2180309,12.88674046,54947
177,198,115.2180309,12.88674046,11328
198,197,85.03974513,9.511402991,11383
197,198,85.03974513,9.511402991,10829
199,178,115.2148032,12.88637944,61885
178,199,115.2148032,12.88637944,153319
199,198,82.60136236,9.238678264,11382
198,199,82.60136236,9.238678264,116892
200,183,114.9096995,7.344145509,30247
183,200,114.9096995,7.344145509,79068
200,199,79.24858497,8.863681646,11381
199,200,79.24858497,8.863681646,124916
201,202,85.64903756,9.579550253,11318
202,201,85.64903756,9.579550253,169715
201,200,84.73525411,9.477346717,11385
200,201,84.73525411,9.477346717,47356
201,182,115.2850655,12.89423804,252
182,201,115.2850655,12.89423804,143373
202,203,85.34423948,9.545459636,11319
203,202,85.34423948,9.545459636,57706
202,181,115.8244003,12.95456078,536
181,202,115.8244003,12.95456078,35081
203,179,116.4351974,13.02287634,850
179,203,116.4351974,13.02287634,107906
203,204,84.73525301,9.477346595,11317
204,203,84.73525301,9.477346595,28629
204,180,116.7384,13.05678851,1184
180,204,116.7384,13.05678851,102825
204,205,86.87013893,9.716126242,11322
205,204,86.87013893,9.716126242,201952
205,184,116.7384,13.05678851,1465
184,205,116.7384,13.05678851,177200
205,206,84.43180069,9.443406496,11321
206,205,84.43180069,9.443406496,152442
206,185,115.5572536,12.92468134,1659
185,206,115.5572536,12.92468134,17680
206,208,86.56534646,9.682036252,11320
208,206,86.56534646,9.682036252,2524
207,189,119.6221687,13.37932812,2494
189,207,119.6221687,13.37932812,93726
208,209,85.64934236,9.579584344,11324
209,208,85.64934236,9.579584344,98956
208,186,116.1288,12.98860684,1830
186,208,116.1288,12.98860684,78105
209,187,116.4336,13.02269768,2033
187,209,116.4336,13.02269768,64668
209,210,84.1248,9.409069525,11323
210,209,84.1248,9.409069525,9615
210,188,116.1304,12.9887858,2283
188,210,116.1304,12.9887858,65962
210,207,75.89764815,8.488890889,11325
207,210,75.89764815,8.488890889,125699
211,235,153.3764024,13.72369845,137883
235,211,153.3764024,13.72369845,54504
211,236,174.162765,9.739753109,131233
236,211,174.162765,9.739753109,6962
212,236,145.5330975,8.138688192,131216
236,212,145.5330975,8.138688192,48705
212,247,164.1093834,9.177535033,131182
247,212,164.1093834,9.177535033,133806
213,233,134.6836694,12.05112413,131475
233,213,134.6836694,12.05112413,28765
214,127,334.0329888,18.68022043,134889
127,214,334.0329888,18.68022043,143866
214,722,118.3582848,6.618983524,218269
722,214,118.3582848,6.618983524,28181
215,725,196.1919364,21.94339326,9144
725,215,196.1919364,21.94339326,42516
215,192,113.0824431,7.227361317,36356
192,215,113.0824431,7.227361317,155671
216,193,113.3921547,12.68252248,14581
193,216,113.3921547,12.68252248,124585
216,215,88.08930931,9.852486255,9145
215,216,88.08930931,9.852486255,41291
217,216,10.9728,1.227269938,9147
216,217,10.9728,1.227269938,6858
218,195,115.948602,12.96845231,40041
195,218,115.948602,12.96845231,198010
218,217,73.98956208,8.275478025,9146
217,218,73.98956208,8.275478025,126550
219,196,113.3872387,12.68197264,37306
196,219,113.3872387,12.68197264,122050
219,218,84.58386525,9.460414395,9143
218,219,84.58386525,9.460414395,93466
220,197,113.6966323,12.71657725,19344
197,220,113.6966323,12.71657725,206711
220,219,82.29825775,9.204777056,9150
219,220,82.29825775,9.204777056,18946
221,198,114.0014148,12.75066613,54917
198,221,114.0014148,12.75066613,71503
221,220,85.04138273,9.511586151,9149
220,221,85.04138273,9.511586151,163213
222,199,114.3004064,12.78410731,61858
199,222,114.3004064,12.78410731,49131
222,221,83.51742702,9.341136946,9151
221,222,83.51742702,9.341136946,184491
223,200,114.3007112,12.7841414,30229
200,223,114.3007112,12.7841414,207327
223,222,79.85818168,8.931862941,9148
222,223,79.85818168,8.931862941,60851
224,225,85.64964716,9.579618435,9023
225,224,85.64964716,9.579618435,205705
224,223,83.82055419,9.375040677,9152
223,224,83.82055419,9.375040677,32617
224,201,114.3016272,12.78424385,232
201,224,114.3016272,12.78424385,161809
225,202,114.301624,12.78424349,525
202,225,114.301624,12.78424349,21732
225,226,85.03974623,9.511403114,9024
226,225,85.03974623,9.511403114,10468
226,203,114.3036527,12.78447039,834
203,226,114.3036527,12.78447039,4510
226,227,85.64903756,9.579550253,9022
227,226,85.64903756,9.579550253,199409
227,204,114.3,12.78406185,1167
204,227,114.3,12.78406185,153510
227,228,86.57178548,9.682756435,9027
228,227,86.57178548,9.682756435,159139
228,205,114.9100043,12.85228873,1442
205,228,114.9100043,12.85228873,155645
228,229,84.13363432,9.410057614,9026
229,228,84.13363432,9.410057614,86802
229,206,115.5208084,12.92060508,1639
206,229,115.5208084,12.92060508,59684
229,230,86.87655537,9.716843898,9025
230,229,86.87655537,9.716843898,53211
230,208,116.1292,12.98865158,1815
208,230,116.1292,12.98865158,44559
230,231,85.6488,9.579523683,9029
231,230,85.6488,9.579523683,128050
231,233,84.12535218,9.409131284,9028
233,231,84.12535218,9.409131284,27942
231,209,115.8244011,12.95456087,2014
209,231,115.8244011,12.95456087,13782
232,721,111.4315811,12.46323907,9021
721,232,111.4315811,12.46323907,140683
232,213,79.68441639,8.912427891,2479
213,232,79.68441639,8.912427891,65056
233,232,85.03974623,9.511403114,9030
232,233,85.03974623,9.511403114,93984
233,210,116.1292,12.98865158,2267
210,233,116.1292,12.98865158,153095
234,214,62.7888,3.511355656,134887
214,234,62.7888,3.511355656,159342
235,251,32.28329507,2.888620409,137885
251,235,32.28329507,2.888620409,121778
236,246,12.37728213,0.692178217,131231
246,236,12.37728213,0.692178217,219674
236,247,24.83886248,1.389070667,131239
247,236,24.83886248,1.389070667,54054
237,238,198.4334258,22.19409614,56146
238,237,198.4334258,22.19409614,206746
238,239,127.7290212,14.28605169,56150
239,238,127.7290212,14.28605169,8516
239,241,68.58139534,7.670593177,56149
241,239,68.58139534,7.670593177,182896
240,169,352.9769742,31.58340837,51928
169,240,352.9769742,31.58340837,84941
240,237,73.69599905,8.24264401,56147
237,240,73.69599905,8.24264401,186146
242,240,89.00368974,19.90951312,56148
240,242,89.00368974,19.90951312,55917
242,234,60.3504,3.857134091,2607
234,242,60.3504,3.857134091,114926
243,191,196.0747554,7.310095659,37572
191,243,196.0747554,7.310095659,146568
244,253,31.49042791,1.761048024,131171
253,244,31.49042791,1.761048024,15004
244,191,204.6763506,15.26156388,131002
191,244,204.6763506,15.26156388,30718
245,250,15.84450296,0.886076579,29541
250,245,15.84450296,0.886076579,105872
246,263,46.9035605,2.623000956,131229
263,246,46.9035605,2.623000956,125587
247,249,12.05791266,0.674318028,131238
249,247,12.05791266,0.674318028,46819
247,259,30.6986353,1.716768383,131184
259,247,30.6986353,1.716768383,191453
248,249,4.642575285,0.173085359,37620
249,248,4.642575285,0.173085359,20387
249,252,13.42247852,0.750629027,131240
252,249,13.42247852,0.750629027,134987
249,257,19.30132613,0.719595646,116548
257,249,19.30132613,0.719595646,3733
250,244,7.97737942,0.594828299,102113
244,250,7.97737942,0.594828299,54628
250,255,18.10843694,1.012683193,29533
255,250,18.10843694,1.012683193,175170
251,241,18.9572385,2.120301921,137884
241,251,18.9572385,2.120301921,181770
252,253,11.20735964,0.626752313,131234
253,252,11.20735964,0.626752313,196163
253,243,13.80040695,0.51450935,37617
243,253,13.80040695,0.51450935,150623
253,254,9.681899049,0.541443553,131176
254,253,9.681899049,0.541443553,164830
253,255,15.42179569,0.862437402,131236
255,253,15.42179569,0.862437402,130768
254,257,10.3632,0.579544137,131175
257,254,10.3632,0.579544137,160165
255,256,19.49290726,1.090107315,131237
256,255,19.49290726,1.090107315,138656
255,258,15.97988083,0.893647353,29535
258,255,15.97988083,0.893647353,116226
256,250,14.74740711,1.099631174,131004
250,256,14.74740711,1.099631174,193840
257,259,14.89809272,0.833150213,131173
259,257,14.89809272,0.833150213,108824
257,266,24.75456426,0.922904289,116550
266,257,24.75456426,0.922904289,89060
258,253,15.78499139,0.706198797,37619
253,258,15.78499139,0.706198797,120709
258,261,10.78492495,0.60312838,29539
261,258,10.78492495,0.60312838,205908
259,285,38.22174986,2.137485627,131185
285,259,38.22174986,2.137485627,219118
259,263,22.41450375,1.253492574,131174
263,259,22.41450375,1.253492574,6712
260,216,106.6562697,11.92913691,14582
216,260,106.6562697,11.92913691,6334
261,266,13.62344833,0.761867918,29538
266,261,13.62344833,0.761867918,132518
263,287,91.46710711,5.11514066,131172
287,263,91.46710711,5.11514066,44499
263,286,49.11064875,2.746428571,131230
286,263,49.11064875,2.746428571,15679
264,262,75.60576134,8.456244353,6299
262,264,75.60576134,8.456244353,111120
264,215,118.6063709,7.580408359,36364
215,264,118.6063709,7.580408359,61952
265,218,115.9767466,12.9716002,40049
218,265,115.9767466,12.9716002,207198
265,267,57.015935,6.377036218,6301
267,265,57.015935,6.377036218,23661
266,285,25.54907078,1.428787844,29537
285,266,25.54907078,1.428787844,61095
266,292,118.0316109,4.400476566,116549
292,266,118.0316109,4.400476566,88967
268,219,118.2686844,13.22794555,37310
219,268,118.2686844,13.22794555,62533
268,265,84.37759009,9.437343226,6298
265,268,84.37759009,9.437343226,103450
269,268,83.21263293,9.307046776,6305
268,269,83.21263293,9.307046776,199274
269,220,118.2627928,13.2272866,19343
220,269,118.2627928,13.2272866,71733
270,221,117.9614489,13.19358232,54924
221,270,117.9614489,13.19358232,140550
270,269,84.43015019,9.443221894,6304
269,270,84.43015019,9.443221894,52307
271,222,117.9639006,13.19385654,61867
222,271,117.9639006,13.19385654,165719
271,270,83.21263293,9.307046776,6306
270,271,83.21263293,9.307046776,138770
272,223,117.9576,13.19315183,30240
223,272,117.9576,13.19315183,49266
272,271,81.07737293,9.068225289,6303
271,272,81.07737293,9.068225289,104872
273,274,85.95414041,9.613674958,6236
274,273,85.95414041,9.613674958,131764
273,272,83.2104,9.30679703,6307
272,273,83.2104,9.30679703,86078
273,224,117.6543793,13.15923764,245
224,273,117.6543793,13.15923764,71709
274,275,84.7344,9.477251188,6237
275,274,84.7344,9.477251188,5815
274,225,117.6531956,13.15910525,530
225,274,117.6531956,13.15910525,92868
275,276,85.9536,9.613614515,6235
276,275,85.9536,9.613614515,202171
275,226,117.349585,13.12514744,842
226,275,117.349585,13.12514744,19730
276,227,117.0435969,13.09092373,1178
227,276,117.0435969,13.09092373,67836
276,277,86.868,9.715887009,6240
277,276,86.868,9.715887009,27221
277,228,115.824,12.95451601,1459
228,277,115.824,12.95451601,201582
277,278,83.5157562,9.340950071,6239
278,277,83.5157562,9.340950071,112949
278,229,114.911217,12.85242437,1653
229,278,114.911217,12.85242437,12918
278,279,87.47813102,9.784128066,6238
279,278,87.47813102,9.784128066,84443
279,230,113.9952,12.74997102,1828
230,279,113.9952,12.74997102,96927
279,280,85.6488,9.579523683,6242
280,279,85.6488,9.579523683,62818
280,281,83.82055419,9.375040677,6241
281,280,83.82055419,9.375040677,9318
280,231,113.9952,12.74997102,2031
231,280,113.9952,12.74997102,23900
281,233,113.9956075,12.7500166,2281
233,281,113.9956075,12.7500166,107216
281,282,86.56373663,9.681856198,6243
282,281,86.56373663,9.681856198,219518
282,232,114.6112849,12.818878,2492
232,282,114.6112849,12.818878,115195
282,720,27.201876,3.042436267,218266
720,282,27.201876,3.042436267,63299
283,242,54.2547048,3.467544067,2621
242,283,54.2547048,3.467544067,82821
283,284,87.17759566,9.750514219,6245
284,283,87.17759566,9.750514219,164977
284,240,55.80898156,6.242042627,2716
240,284,55.80898156,6.242042627,25909
285,292,99.1349993,5.543954344,131183
292,285,99.1349993,5.543954344,112045
285,286,29.59473693,1.655034766,29534
286,285,29.59473693,1.655034766,104171
286,287,44.43917102,2.485184213,29536
287,286,44.43917102,2.485184213,159020
286,313,76.8957381,4.300261908,131225
313,286,76.8957381,4.300261908,99377
287,311,38.57978233,2.157507977,29530
311,287,38.57978233,2.157507977,88174
287,312,35.17767038,1.967250718,131168
312,287,35.17767038,1.967250718,99661
288,256,129.5563821,11.59234858,131005
256,288,129.5563821,11.59234858,141039
289,265,115.8748849,12.96020731,40050
265,289,115.8748849,12.96020731,135621
290,268,116.1351998,12.98932264,37311
268,290,116.1351998,12.98932264,88018
290,289,83.21232813,9.307012685,10048
289,290,83.21232813,9.307012685,151012
291,269,116.1304,12.9887858,19350
269,291,116.1304,12.9887858,25833
291,290,83.82221669,9.375226622,10054
290,291,83.82221669,9.375226622,201076
292,314,5.190557545,0.193515336,116545
314,292,5.190557545,0.193515336,87823
293,270,116.4402879,13.02344569,54925
270,293,116.4402879,13.02344569,141657
293,291,83.82221891,9.375226871,10053
291,293,83.82221891,9.375226871,23393
294,272,115.5199069,12.92050425,30241
272,294,115.5199069,12.92050425,75180
294,297,81.99346387,9.17068691,10051
297,294,81.99346387,9.17068691,66858
295,296,86.868,9.715887009,9994
296,295,86.868,9.715887009,79170
295,275,115.2183333,12.88677427,838
275,295,115.2183333,12.88677427,155633
296,276,115.2147048,12.88636844,1179
276,296,115.2147048,12.88636844,152819
296,298,86.87013677,9.716126,10000
298,296,86.87013677,9.716126,76810
297,271,116.4399831,13.0234116,61865
271,297,116.4399831,13.0234116,4848
297,293,83.21263071,9.307046527,10052
293,297,83.21263071,9.307046527,160794
298,277,115.824,12.95451601,1456
277,298,115.824,12.95451601,191432
298,300,83.5174248,9.341136697,9999
300,298,83.5174248,9.341136697,51106
299,273,116.7387979,13.05683301,242
273,299,116.7387979,13.05683301,23865
299,294,83.21932692,9.307795475,10050
294,299,83.21932692,9.307795475,23727
300,278,116.1288,12.98860684,1651
278,300,116.1288,12.98860684,53015
300,301,87.1749293,9.750215996,9998
301,300,87.1749293,9.750215996,24891
301,279,116.4336942,13.02270821,1827
279,301,116.4336942,13.02270821,176281
301,302,85.34454538,9.54549385,9997
302,301,85.34454538,9.54549385,175732
302,303,84.43015019,9.443221894,9996
303,302,84.43015019,9.443221894,218795
302,280,116.7399916,13.05696653,2029
280,302,116.7399916,13.05696653,95519
303,304,86.41186595,9.664869984,9995
304,303,86.41186595,9.664869984,40582
303,281,116.7384,13.05678851,2278
281,303,116.7384,13.05678851,90679
304,305,85.3809627,9.549567002,9993
305,304,85.3809627,9.549567002,101445
304,282,117.5462626,13.14714517,2489
282,304,117.5462626,13.14714517,137004
305,283,117.0565067,13.09236764,2612
283,305,117.0565067,13.09236764,196537
305,306,84.55121599,9.456762687,10007
306,305,84.55121599,9.456762687,208051
306,284,116.1480936,12.99076477,2714
284,306,116.1480936,12.99076477,105207
306,307,81.3812952,9.10221795,10005
307,306,81.3812952,9.10221795,87015
307,308,226.1621102,25.29545412,10004
308,307,226.1621102,25.29545412,44540
308,309,96.31728229,10.77275673,10003
309,308,96.31728229,10.77275673,22431
309,310,73.45773717,8.215995238,10006
310,309,73.45773717,8.215995238,97386
309,239,172.8218688,19.32953159,3057
239,309,172.8218688,19.32953159,131406
310,311,11.2772952,1.261326679,10008
311,310,11.2772952,1.261326679,151743
310,251,163.3525521,18.27042109,3155
251,310,163.3525521,18.27042109,93812
311,312,22.2504,2.488630708,10002
312,311,22.2504,2.488630708,173429
312,313,25.908,2.897720687,10017
313,312,25.908,2.897720687,27133
312,343,117.0701844,6.546948727,138224
343,312,117.0701844,6.546948727,165006
313,314,24.99545847,2.795656056,10016
314,313,24.99545847,2.795656056,172745
313,343,117.2624661,6.557701748,138225
343,313,117.2624661,6.557701748,193076
314,315,10.9724952,1.227235847,10018
315,314,10.9724952,1.227235847,26496
314,344,116.7483436,4.352633555,116547
344,314,116.7483436,4.352633555,168654
315,316,12.8019048,1.431849019,10015
316,315,12.8019048,1.431849019,194231
316,317,33.5283048,3.750025568,10019
317,316,33.5283048,3.750025568,212850
316,258,142.3504539,5.307136214,37614
258,316,142.3504539,5.307136214,19840
317,318,20.72833629,2.318393117,10020
318,317,20.72833629,2.318393117,197967
318,288,25.63221215,1.433437382,131055
288,318,25.63221215,1.433437382,17654
318,319,20.4216,2.284085718,10014
319,318,20.4216,2.284085718,139822
319,288,33.52384338,2.999621259,131003
288,319,33.52384338,2.999621259,41563
320,316,2.4384,0.090908884,37618
316,320,2.4384,0.090908884,15357
321,290,117.0495498,13.09158955,37308
290,321,117.0495498,13.09158955,93245
322,321,84.4296,18.88632071,14392
321,322,84.4296,18.88632071,167344
322,291,116.4351958,13.02287616,19348
291,322,116.4351958,13.02287616,165909
323,293,115.8273046,12.95488563,54922
293,323,115.8273046,12.95488563,98420
323,322,83.5152,9.340887862,14391
322,323,83.5152,9.340887862,180978
324,323,82.6008,9.238615367,14393
323,324,82.6008,9.238615367,117775
324,297,115.2244789,12.88746164,61864
297,324,115.2244789,12.88746164,183362
325,294,115.8252994,10.36372908,30238
294,325,115.8252994,10.36372908,214034
325,324,82.9056,9.272706198,14390
324,325,82.9056,9.272706198,136871
326,327,86.2584,9.647705346,14332
327,326,86.2584,9.647705346,686
326,325,83.5152,9.340887862,14394
325,326,83.5152,9.340887862,103656
326,299,114.6052053,12.81819802,243
299,326,114.6052053,12.81819802,38533
327,328,83.5157562,18.68190014,14333
328,327,83.5157562,18.68190014,207799
328,329,87.4776,19.56813735,14331
329,328,87.4776,19.56813735,127463
328,295,116.1300952,12.98875171,837
295,328,116.1300952,12.98875171,117407
329,330,86.56534646,19.3640725,14336
330,329,86.56534646,19.3640725,213818
329,296,116.1284952,12.98857275,1176
296,329,116.1284952,12.98857275,118281
330,331,83.82221669,18.75045324,14335
331,330,83.82221669,18.75045324,121422
330,298,116.1292,12.98865158,1457
298,330,116.1292,12.98865158,22874
331,332,86.56802943,9.682336333,14334
332,331,86.56802943,9.682336333,23352
331,300,116.1288,12.98860684,1650
300,331,116.1288,12.98860684,163649
332,301,116.4355006,13.02291025,1826
301,332,116.4355006,13.02291025,83996
332,333,85.65096938,9.579766321,14338
333,332,85.65096938,9.579766321,175774
333,302,116.7387979,13.05683301,2028
302,333,116.7387979,13.05683301,118146
333,334,84.43180069,9.443406496,14337
334,333,84.43180069,9.443406496,129609
334,303,117.0435969,13.09092373,2279
303,334,117.0435969,13.09092373,29947
334,338,86.2632465,9.648247411,14339
338,334,86.2632465,9.648247411,61470
335,309,115.2148032,12.88637944,3056
309,335,115.2148032,12.88637944,96444
335,340,84.73933368,9.477803003,14347
340,335,84.73933368,9.477803003,81620
336,335,86.86822994,9.715912727,14346
335,336,86.86822994,9.715912727,109216
337,336,145.6950236,16.29548726,14342
336,337,145.6950236,16.29548726,191883
338,304,116.8459508,13.06881769,2490
304,338,116.8459508,13.06881769,88874
338,342,85.04138493,9.511586396,14330
342,338,85.04138493,9.511586396,70127
339,337,84.43015019,9.443221894,14345
337,339,84.43015019,9.443221894,95422
340,311,115.8244011,12.95456087,3154
311,340,115.8244011,12.95456087,35954
340,343,34.75254695,3.886952842,14341
343,340,34.75254695,3.886952842,146921
340,353,59.89067933,3.827752277,131179
353,340,59.89067933,3.827752277,132397
341,306,117.0435969,13.09092373,2713
306,341,117.0435969,13.09092373,181732
341,339,86.25893852,9.647765578,14343
339,341,86.25893852,9.647765578,132989
342,305,117.3390958,13.12397426,2619
305,342,117.3390958,13.12397426,216020
342,341,85.64934236,9.579584344,14344
341,342,85.64934236,9.579584344,38538
343,344,40.23791316,4.500472185,14351
344,343,40.23791316,4.500472185,201636
343,353,52.1386215,2.91576274,131226
353,343,52.1386215,2.91576274,165996
343,361,107.9948427,6.039425851,138227
361,343,107.9948427,6.039425851,111400
344,345,9.4488,1.05681578,14352
345,344,9.4488,1.05681578,185881
344,383,115.8304136,4.318411117,116546
383,344,115.8304136,4.318411117,64322
345,346,12.1923048,1.363667355,14350
346,345,12.1923048,1.363667355,177808
346,320,114.3016256,4.261414557,37616
320,346,114.3016256,4.261414557,49113
346,347,13.4146632,1.500383937,14354
347,346,13.4146632,1.500383937,185037
347,320,115.3175686,6.448936702,131342
320,347,115.3175686,6.448936702,97554
347,348,19.812,2.215904055,14353
348,347,19.812,2.215904055,118263
348,317,117.0467744,14.5458657,131062
317,348,117.0467744,14.5458657,153495
348,349,21.03340858,2.352514403,14355
349,348,21.03340858,2.352514403,84169
349,318,117.0447875,6.545528447,131057
318,349,117.0447875,6.545528447,11541
349,350,20.72864105,2.318427204,14349
350,349,20.72864105,2.318427204,122551
350,319,117.3483958,13.12501444,3330
319,350,117.3483958,13.12501444,120322
351,337,42.0624,4.704534762,2864
337,351,42.0624,4.704534762,86401
352,351,84.73494882,18.95462514,104683
351,352,84.73494882,18.95462514,10410
352,339,42.06350432,4.704658277,2821
339,352,42.06350432,4.704658277,193566
353,361,59.5956903,3.808898843,138226
361,353,59.5956903,3.808898843,211049
353,381,64.45390628,3.604473861,131227
381,353,64.45390628,3.604473861,100415
354,724,248.4924402,15.88172841,218305
724,354,248.4924402,15.88172841,120099
355,709,112.8351063,7.211553445,211063
709,355,112.8351063,7.211553445,41274
355,354,177.4029079,15.87352404,218253
354,355,177.4029079,15.87352404,167746
356,355,96.92831698,8.672879088,13423
355,356,96.92831698,8.672879088,68126
357,356,84.12700867,7.527453246,13424
356,357,84.12700867,7.527453246,39896
357,289,227.39093,25.43289339,205236
289,357,227.39093,25.43289339,85949
358,357,83.21263293,7.445637421,13420
357,358,83.21263293,7.445637421,160625
358,321,110.3413889,12.34130482,37309
321,358,110.3413889,12.34130482,152516
358,708,20.61803113,4.612111729,209908
708,358,20.61803113,4.612111729,39949
359,358,85.04138709,7.609269311,13421
358,359,85.04138709,7.609269311,106169
359,322,110.9479235,12.40914362,19349
322,359,110.9479235,12.40914362,152223
360,323,111.5634621,12.4779895,54923
323,360,111.5634621,12.4779895,163536
360,359,82.60304717,7.391093364,13427
359,360,82.60304717,7.391093364,168554
361,382,9.819296629,0.549127277,131181
382,361,9.819296629,0.549127277,216657
362,324,112.1730259,12.54616712,61866
324,362,112.1730259,12.54616712,153974
362,360,82.60304942,7.391093566,13428
360,362,82.60304942,7.391093566,164575
363,325,112.7764119,10.09092301,30239
325,363,112.7764119,10.09092301,139392
363,362,83.82221669,7.500181298,13426
362,363,83.82221669,7.500181298,184162
364,326,113.9956075,12.7500166,244
326,364,113.9956075,12.7500166,31385
364,365,86.57661446,9.683296539,13149
365,364,86.57661446,9.683296539,86140
364,363,83.52409879,9.34188316,13429
363,364,83.52409879,9.34188316,5299
365,327,115.5192,12.92042518,529
327,365,115.5192,12.92042518,163710
365,366,85.6626624,9.581074144,13151
366,365,85.6626624,9.581074144,86041
366,328,116.7579016,13.05896969,841
328,366,116.7579016,13.05896969,181044
366,367,85.05285483,9.512869265,13150
367,366,85.05285483,9.512869265,3634
366,391,153.3354668,17.15004455,552
391,366,153.3354668,17.15004455,153940
367,329,118.262792,13.22728651,1177
329,367,118.262792,13.22728651,124085
367,368,86.56343183,9.681822107,13154
368,367,86.56343183,9.681822107,98420
368,330,117.9579938,13.19319588,1458
330,368,117.9579938,13.19319588,17012
368,369,84.1248,9.409069525,13153
369,368,84.1248,9.409069525,5196
369,331,117.348,13.12497017,1652
331,369,117.348,13.12497017,191231
369,370,86.25893852,9.647765578,13152
370,369,86.25893852,9.647765578,119796
370,332,116.7387979,13.05683301,1825
332,370,116.7387979,13.05683301,196717
370,371,85.34454428,9.545493727,13155
371,370,85.34454428,9.545493727,155500
371,372,85.03974623,9.511403114,13148
372,371,85.03974623,9.511403114,157122
371,333,116.4351958,13.02287616,2030
333,371,116.4351958,13.02287616,3084
372,373,85.95414041,9.613674958,13156
373,372,85.95414041,9.613674958,94479
372,334,116.1288,12.98860684,2280
334,372,116.1288,12.98860684,163852
373,338,115.5196021,12.92047016,2491
338,373,115.5196021,12.92047016,161813
373,374,85.0392,9.51134202,13147
374,373,85.0392,9.51134202,100777
374,342,114.9100043,12.85228873,2620
342,374,114.9100043,12.85228873,89405
374,375,85.64934343,9.579584463,13163
375,374,85.64934343,9.579584463,150465
375,341,115.5199069,12.92050425,2715
341,375,115.5199069,12.92050425,147670
375,376,85.9536,9.613614515,13162
376,375,85.9536,9.613614515,131681
376,352,73.76253455,8.250085776,2820
352,376,73.76253455,8.250085776,104321
376,377,84.73494712,9.477312381,13164
377,376,84.73494712,9.477312381,39684
377,351,74.3718246,8.318232772,2863
351,377,74.3718246,8.318232772,40981
377,378,145.999823,16.32957802,13161
378,377,145.999823,16.32957802,108924
378,379,86.25863265,9.647731368,13160
379,378,86.25863265,9.647731368,169484
378,336,117.0432,13.09087934,2991
336,378,117.0432,13.09087934,100777
379,335,117.6540745,13.15920355,3058
335,379,117.6540745,13.15920355,127220
379,380,85.344,9.545432851,13165
380,379,85.344,9.545432851,8964
380,340,116.7380952,13.05675442,3156
340,380,116.7380952,13.05675442,152637
380,381,24.6888,2.761357361,13159
381,380,24.6888,2.761357361,118590
381,382,29.5656,3.306810666,13170
382,381,29.5656,3.306810666,133218
381,419,184.5442134,10.32031776,214492
419,381,184.5442134,10.32031776,101136
382,383,19.50958587,2.182080075,13171
383,382,19.50958587,2.182080075,157065
382,418,154.1734043,8.621882491,214493
418,382,154.1734043,8.621882491,87208
383,384,10.6676952,1.193145016,13172
384,383,10.6676952,1.193145016,200773
383,418,152.4265176,5.682793903,214494
418,383,152.4265176,5.682793903,180576
384,385,11.5827048,1.295485692,13169
385,384,11.5827048,1.295485692,217803
385,346,115.8256044,4.318231821,37615
346,385,115.8256044,4.318231821,37991
385,386,21.33817704,2.386601707,13174
386,385,21.33817704,2.386601707,98579
386,347,116.0547765,6.490163788,131341
347,386,116.0547765,6.490163788,80049
386,387,18.5928,2.079540728,13173
387,386,18.5928,2.079540728,96688
387,348,115.9843107,8.648297474,131061
348,387,115.9843107,8.648297474,25210
387,388,17.6784,1.977268233,13175
388,387,17.6784,1.977268233,102944
388,349,115.5517669,6.462033839,131056
349,388,115.5517669,6.462033839,169723
388,389,17.6784,1.977268233,13168
389,388,17.6784,1.977268233,59883
389,350,115.2148032,12.88637944,3331
350,389,115.2148032,12.88637944,121458
390,387,90.50046549,6.74811052,131059
387,390,90.50046549,6.74811052,136622
390,386,93.0465616,5.203468936,131336
386,390,93.0465616,5.203468936,186331
391,365,150.5740345,16.84118784,553
365,391,150.5740345,16.84118784,189827
392,355,123.1395772,7.870136093,36358
355,392,123.1395772,7.870136093,72405
393,389,110.3527547,12.34257605,3326
389,393,110.3527547,12.34257605,150251
394,392,96.01974064,10.73947772,25478
392,394,96.01974064,10.73947772,88676
394,356,123.7548058,13.84154936,14583
356,394,123.7548058,13.84154936,160128
395,400,85.0588557,19.02708088,25482
400,395,85.0588557,19.02708088,20162
395,363,120.0915868,13.43183092,30230
363,395,120.0915868,13.43183092,80591
396,394,12.1746388,2.723382947,25480
394,396,12.1746388,2.723382947,7710
398,395,83.21263293,9.307046776,25425
395,398,83.21263293,9.307046776,180192
398,364,119.4816,13.36360599,236
364,398,119.4816,13.36360599,146451
399,397,62.19048717,6.95579208,25479
397,399,62.19048717,6.95579208,94309
399,357,124.0632656,13.87604953,40043
357,399,124.0632656,13.87604953,104082
400,408,82.60305168,18.47773442,25483
408,400,82.60305168,18.47773442,31109
400,362,122.5327071,13.70486183,61859
362,400,122.5327071,13.70486183,174956
401,402,86.2584,9.647705346,25431
402,401,86.2584,9.647705346,134827
401,372,114.9096995,12.85225464,2273
372,401,114.9096995,12.85225464,177008
402,403,85.0392,9.51134202,25424
403,402,85.0392,9.51134202,3654
402,373,114.6044952,12.8181186,2484
373,402,114.6044952,12.8181186,123427
403,407,85.34454538,9.54549385,25436
407,403,85.34454538,9.54549385,58425
403,374,114.6044952,12.8181186,2608
374,403,114.6044952,12.8181186,143355
404,405,85.9536,9.613614515,25426
405,404,85.9536,9.613614515,57073
404,369,116.1292,12.98865158,1644
369,404,116.1292,12.98865158,120044
405,406,85.344,9.545432851,25430
406,405,85.344,9.545432851,80474
405,370,115.8256042,12.95469544,1820
370,405,115.8256042,12.95469544,122611
406,401,85.34454538,9.54549385,25429
401,406,85.34454538,9.54549385,203701
406,371,115.5208084,12.92060508,2023
371,406,115.5208084,12.92060508,205349
407,411,85.64934236,9.579584344,25435
411,407,85.64934236,9.579584344,36962
407,375,114.6049005,12.81816393,2709
375,407,114.6049005,12.81816393,18983
408,360,123.7523625,13.84127609,54918
360,408,123.7523625,13.84127609,116064
409,410,86.5628952,9.681762087,25428
410,409,86.5628952,9.681762087,79678
409,367,116.7399932,13.0569667,1170
367,409,116.7399932,13.0569667,50345
410,404,84.43045496,9.443255981,25427
404,410,84.43045496,9.443255981,60807
410,368,116.4351974,13.02287634,1450
368,410,116.4351974,13.02287634,42097
411,412,85.03974623,9.511403114,25437
412,411,85.03974623,9.511403114,166627
411,376,114.9109122,12.85239028,2816
376,411,114.9109122,12.85239028,2638
412,413,146.0004727,16.32965068,25434
413,412,146.0004727,16.32965068,92673
412,377,114.9100043,12.85228873,2859
377,412,114.9100043,12.85228873,192263
413,414,86.25863372,9.647731487,25438
414,413,86.25863372,9.647731487,12640
413,378,115.214804,12.88637953,2983
378,413,115.214804,12.88637953,182951
414,415,85.37913186,9.549362229,25439
415,414,85.37913186,9.549362229,75749
414,379,115.2151088,12.88641362,3050
379,414,115.2151088,12.88641362,117402
415,417,20.48041258,2.290663703,25433
417,415,20.48041258,2.290663703,46759
415,380,117.6534996,13.15913925,3152
380,415,117.6534996,13.15913925,47191
416,390,30.85864807,1.725716823,131339
390,416,30.85864807,1.725716823,172948
416,388,120.1144215,6.717192451,131050
388,416,120.1144215,6.717192451,2823
417,454,112.8639493,10.09875562,131167
454,417,112.8639493,10.09875562,203965
418,419,20.3950824,0.760373272,116543
419,418,20.3950824,0.760373272,69730
419,426,16.28042914,0.910455001,131223
426,419,16.28042914,0.910455001,204726
419,455,58.2168,2.170449613,116544
455,419,58.2168,2.170449613,154296
420,413,59.1312,6.613621333,2989
413,420,59.1312,6.613621333,104593
420,421,86.25863372,19.29546297,104680
421,420,86.25863372,19.29546297,49559
421,414,59.1312,6.613621333,3054
414,421,59.1312,6.613621333,187376
422,416,80.24979665,4.487831864,131338
416,422,80.24979665,4.487831864,95964
423,415,67.75066032,7.577678322,164613
415,423,67.75066032,7.577678322,172087
424,425,71.65445445,16.02860853,131812
425,424,71.65445445,16.02860853,22266
424,398,73.15263499,8.181870608,235
398,424,73.15263499,8.181870608,94497
426,427,16.28024086,0.910444471,131221
427,426,16.28024086,0.910444471,154131
427,458,54.86424384,3.068188481,131220
458,427,54.86424384,3.068188481,23566
427,385,198.4887861,7.400096002,37609
385,427,198.4887861,7.400096002,47733
428,422,61.64075986,5.515445577,131340
422,428,61.64075986,5.515445577,117740
428,459,91.7999311,8.214005231,28396
459,428,91.7999311,8.214005231,123014
429,392,112.471613,7.188321747,36357
392,429,112.471613,7.188321747,12730
430,432,34.43312603,7.702453422,136051
432,430,34.43312603,7.702453422,122545
432,429,96.67210966,10.81244295,136052
429,432,96.67210966,10.81244295,18582
433,431,40.48097739,4.527658083,28466
431,433,40.48097739,4.527658083,151454
433,399,113.3921547,12.68252248,40042
399,433,113.3921547,12.68252248,139920
434,424,40.8443373,4.568298639,241
424,434,40.8443373,4.568298639,92352
434,445,83.46989203,9.335820321,28470
445,434,83.46989203,9.335820321,119207
435,416,107.137052,5.99145538,131054
416,435,107.137052,5.99145538,166752
435,390,136.2486684,7.619472461,131060
390,435,136.2486684,7.619472461,156415
436,409,113.3872387,12.68197264,1171
409,436,113.3872387,12.68197264,171230
436,437,86.86853474,9.715946818,28384
437,436,86.86853474,9.715946818,119075
437,410,113.6908078,12.7159258,1451
410,437,113.6908078,12.7159258,117444
437,438,84.73494821,9.477312504,28383
438,437,84.73494821,9.477312504,98874
438,404,114.3,12.78406185,1645
404,438,114.3,12.78406185,89824
438,439,85.64903756,9.579550253,28382
439,438,85.64903756,9.579550253,86533
439,405,114.6052061,12.81819811,1819
405,439,114.6052061,12.81819811,171603
439,441,85.34484908,9.545527818,28387
441,439,85.34484908,9.545527818,114237
440,408,114.6084478,12.81856068,54921
408,440,114.6084478,12.81856068,65123
441,406,114.9100043,12.85228873,2022
406,441,114.9100043,12.85228873,63707
441,443,85.34454428,9.545493727,28386
443,441,85.34454428,9.545493727,72256
442,440,82.90616028,9.272768864,28469
440,442,82.90616028,9.272768864,218308
442,400,115.5211132,12.92063917,61863
400,442,115.5211132,12.92063917,98243
443,401,115.5199069,12.92050425,2274
401,443,115.5199069,12.92050425,137979
443,444,86.25893852,9.647765578,28385
444,443,86.25893852,9.647765578,51991
444,402,115.8247059,12.95459496,2485
402,444,115.8247059,12.95459496,30757
444,446,85.03974623,9.511403114,28381
446,444,85.03974623,9.511403114,183654
445,395,117.9576,13.19315183,30236
395,445,117.9576,13.19315183,71129
445,442,85.65096938,7.663813057,28468
442,445,85.65096938,7.663813057,148788
446,403,116.1295048,12.98868567,2609
403,446,116.1295048,12.98868567,8810
446,447,85.34454428,9.545493727,28393
447,446,85.34454428,9.545493727,75606
447,407,116.1292,12.98865158,2708
407,447,116.1292,12.98865158,66916
447,448,85.344,9.545432851,28391
448,447,85.344,9.545432851,145836
448,411,115.8256042,12.95469544,2815
411,448,115.8256042,12.95469544,34219
448,449,85.34454428,9.545493727,28392
449,448,85.34454428,9.545493727,190996
449,412,115.8244011,12.95456087,2858
412,449,115.8244011,12.95456087,24657
449,450,146.3043175,16.36363469,28390
450,449,146.3043175,16.36363469,123544
450,420,56.388,6.306803848,2990
420,450,56.388,6.306803848,85852
450,451,85.95414041,9.613674958,28395
451,450,85.95414041,9.613674958,1433
451,421,56.38882214,6.306895801,3055
421,451,56.38882214,6.306895801,203384
451,452,85.9536,9.613614515,28394
452,451,85.9536,9.613614515,191935
452,453,6.096,0.389609504,139866
453,452,6.096,0.389609504,61556
453,454,43.58746573,2.785776068,28389
454,453,43.58746573,2.785776068,206205
453,423,47.53090172,10.63233574,3153
423,453,47.53090172,10.63233574,85270
454,455,24.08112904,1.539080831,28400
455,454,24.08112904,1.539080831,101984
454,477,106.6270731,7.950580917,131166
477,454,106.6270731,7.950580917,129113
455,456,10.9728,0.701297107,28397
456,455,10.9728,0.701297107,25868
455,475,102.7289053,3.829958236,116542
475,455,102.7289053,3.829958236,181592
457,427,32.61930241,1.216118926,37613
427,457,32.61930241,1.216118926,81428
457,456,9.7536,0.545453306,28398
456,457,9.7536,0.545453306,47364
458,435,4.612460966,0.257943947,131052
435,458,4.612460966,0.257943947,81492
458,457,43.3237058,2.422803739,28399
457,458,43.3237058,2.422803739,155052
458,461,2.462079068,0.137687538,131224
461,458,2.462079068,0.137687538,3897
459,460,85.37570408,9.548978843,28401
460,459,85.37570408,9.548978843,178805
461,468,124.9202814,7.98394503,131219
468,461,124.9202814,7.98394503,53164
461,466,264.0992636,14.76929712,131348
466,461,264.0992636,14.76929712,132968
462,422,251.8331318,14.08333479,131337
422,462,251.8331318,14.08333479,48683
463,458,294.3296934,16.45988191,15520
458,463,294.3296934,16.45988191,132937
464,465,71.628,16.02269086,104681
465,464,71.628,16.02269086,138785
465,450,60.0456,6.715893828,2987
450,465,60.0456,6.715893828,50915
466,467,34.9061731,1.301378466,116819
467,466,34.9061731,1.301378466,116879
468,506,112.009182,7.158766711,131218
506,468,112.009182,7.158766711,189898
468,466,153.9078873,8.607033905,137672
466,468,153.9078873,8.607033905,206069
469,468,4.886315716,0.273258803,131349
468,469,4.886315716,0.273258803,7721
470,489,91.98680605,20.57681572,77402
489,470,91.98680605,20.57681572,209527
471,469,115.6009059,6.464781854,116820
469,471,115.6009059,6.464781854,193308
471,458,95.7099322,5.352413356,131053
458,471,95.7099322,5.352413356,22174
472,471,23.2549177,1.300491279,29464
471,472,23.2549177,1.300491279,176651
472,457,98.46768905,3.671090777,37612
457,472,98.46768905,3.671090777,80833
473,472,12.13495277,0.678626364,30599
472,473,12.13495277,0.678626364,207990
474,489,30.17577906,3.375057096,30627
489,474,30.17577906,3.375057096,216420
475,473,9.324788005,0.595968837,30601
473,475,9.324788005,0.595968837,26138
475,512,121.6289185,4.53459206,138234
512,475,121.6289185,4.53459206,206454
476,474,56.35903199,6.303563876,30626
474,476,56.35903199,6.303563876,159235
476,718,113.1787952,7.233519399,218004
718,476,113.1787952,7.233519399,144721
477,475,15.84080525,1.012422618,30600
475,477,15.84080525,1.012422618,68785
477,512,119.5599299,8.914911282,138235
512,477,119.5599299,8.914911282,214808
478,429,117.9579938,7.538969074,36361
429,478,117.9579938,7.538969074,106998
479,478,89.61357823,10.02297049,30628
478,479,89.61357823,10.02297049,81202
480,479,88.39222071,9.886365853,30625
479,480,88.39222071,9.886365853,84927
480,433,115.8301119,12.95519961,40046
433,480,115.8301119,12.95519961,93525
481,480,83.21095824,9.306859467,30623
480,481,83.21095824,9.306859467,82539
482,481,85.04138493,9.511586396,30631
481,482,85.04138493,9.511586396,54846
483,482,83.82055419,9.375040677,30630
482,483,83.82055419,9.375040677,159296
483,440,114.3036575,12.78447094,54920
440,483,114.3036575,12.78447094,15983
484,483,82.90616028,9.272768864,30632
483,484,82.90616028,9.272768864,30500
484,442,114.3036575,12.78447094,61862
442,484,114.3036575,12.78447094,80651
485,445,114.3004072,12.7841074,30235
445,485,114.3004072,12.7841074,167185
485,484,86.8704437,9.716160329,30629
484,485,86.8704437,9.716160329,24050
486,434,117.9579938,13.19319588,240
434,486,117.9579938,13.19319588,181795
486,487,86.56534646,9.682036252,30582
487,486,86.56534646,9.682036252,80376
486,485,81.99146173,9.170462977,30633
485,486,81.99146173,9.170462977,156174
487,490,85.64934236,9.579584344,30583
490,487,85.64934236,9.579584344,200767
488,443,115.824,12.95451601,2277
443,488,115.824,12.95451601,99839
488,493,85.95414041,9.613674958,30589
493,488,85.95414041,9.613674958,5328
489,703,64.6990653,14.47273583,189110
703,489,64.6990653,14.47273583,155504
490,498,84.12713559,5.37676043,30581
498,490,84.12713559,5.37676043,190642
491,439,116.7399901,13.05696635,1824
439,491,116.7399901,13.05696635,116693
491,492,85.344,9.545432851,30588
492,491,85.344,9.545432851,12735
492,441,116.4351958,13.02287616,2027
441,492,116.4351958,13.02287616,75645
492,488,85.95414041,9.613674958,30587
488,492,85.95414041,9.613674958,140361
493,444,115.8244011,12.95456087,2488
444,493,115.8244011,12.95456087,67623
493,496,85.34454428,9.545493727,30580
496,493,85.34454428,9.545493727,72588
494,437,117.3489408,13.12507539,1455
437,494,117.3489408,13.12507539,53683
494,495,84.65630701,9.468516756,30585
495,494,84.65630701,9.468516756,22199
495,438,117.348,13.12497017,1649
438,495,117.348,13.12497017,48891
495,491,85.03974623,9.511403114,30584
491,495,85.03974623,9.511403114,6462
496,497,85.0392,9.51134202,30595
497,496,85.0392,9.51134202,121194
496,446,115.824,12.95451601,2611
446,496,115.824,12.95451601,32129
497,447,115.5196021,12.92047016,2712
447,497,115.5196021,12.92047016,33369
497,499,85.34454428,9.545493727,30594
499,497,85.34454428,9.545493727,188840
498,436,118.2639711,13.22741839,1175
436,498,118.2639711,13.22741839,113798
498,494,87.55835414,9.793100745,30586
494,498,87.55835414,9.793100745,118645
499,448,115.8244011,12.95456087,2819
448,499,115.8244011,12.95456087,127604
499,500,85.34454428,9.545493727,30596
500,499,85.34454428,9.545493727,24937
500,449,115.8244011,12.95456087,2861
449,500,115.8244011,12.95456087,152755
500,501,146.6091168,16.39772544,30593
501,500,146.6091168,16.39772544,152035
501,465,55.7784,6.238622185,2988
465,501,55.7784,6.238622185,165967
501,503,85.64934236,9.579584344,30597
503,501,85.64934236,9.579584344,61122
503,451,115.8244011,12.95456087,3053
451,503,115.8244011,12.95456087,58216
503,504,86.26055405,9.647946269,30592
504,503,86.26055405,9.647946269,23023
504,477,60.6162226,3.87412343,30591
477,504,60.6162226,3.87412343,4586
504,452,116.4336,13.02269768,3151
452,504,116.4336,13.02269768,210931
505,506,87.17462664,9.750182144,30598
506,505,87.17462664,9.750182144,122151
506,502,85.28620666,9.538968865,30604
502,506,85.28620666,9.538968865,51463
507,505,92.44119576,10.33922979,30602
505,507,92.44119576,10.33922979,27872
508,481,41.685862,4.662420282,37307
481,508,41.685862,4.662420282,54938
510,507,74.98141951,8.386413866,3327
507,510,74.98141951,8.386413866,146880
510,469,179.9423506,13.41728866,131347
469,510,179.9423506,13.41728866,57237
511,471,132.5004729,7.409861075,131051
471,511,132.5004729,7.409861075,151913
511,472,125.9098405,4.694194194,37610
472,511,125.9098405,4.694194194,127311
512,538,14.00742484,0.522227429,138230
538,512,14.00742484,0.522227429,47088
513,476,102.5928454,6.55694679,33842
476,513,102.5928454,6.55694679,123518
514,478,115.5208084,7.383202902,36360
478,514,115.5208084,7.383202902,30776
514,719,87.60561073,5.599077847,218007
719,514,87.60561073,5.599077847,79867
515,514,90.34653939,5.774256957,159688
514,515,90.34653939,5.774256957,46685
516,542,55.16515526,6.17003287,44851
542,516,55.16515526,6.17003287,155561
516,482,117.6670126,13.16065063,19345
482,516,117.6670126,13.16065063,101296
517,483,118.2942112,13.23080064,54919
483,517,118.2942112,13.23080064,71340
517,516,82.91064249,9.273270183,44850
516,517,82.91064249,9.273270183,160048
518,484,118.8738679,13.29563324,61860
484,518,118.8738679,13.29563324,98304
518,517,85.04411926,9.511892222,44849
517,518,85.04411926,9.511892222,180239
519,485,119.8003641,13.39925866,30233
485,519,119.8003641,13.39925866,98519
519,518,85.66235223,9.581039453,44848
518,519,85.66235223,9.581039453,125104
520,486,119.8054,13.39982191,237
486,520,119.8054,13.39982191,139192
520,522,85.34454428,9.545493727,5901
522,520,85.34454428,9.545493727,208559
520,519,85.95414044,9.613674961,44853
519,520,85.95414044,9.613674961,84580
521,495,118.5707259,13.26172786,1646
495,521,118.5707259,13.26172786,6922
521,527,84.43180069,9.443406496,5902
527,521,84.43180069,9.443406496,64865
522,487,119.4850989,13.36399733,526
487,522,119.4850989,13.36399733,57154
522,523,85.344,9.545432851,5900
523,522,85.344,9.545432851,129481
523,490,119.1783591,13.32968954,839
490,523,119.1783591,13.32968954,24532
523,524,85.3443048,9.545466942,5899
524,523,85.3443048,9.545466942,45255
524,498,118.5813077,13.2629114,1172
498,524,118.5813077,13.2629114,177203
524,526,85.95353084,9.613606779,5904
526,524,85.95353084,9.613606779,213392
525,480,122.8404505,13.73928186,40044
480,525,122.8404505,13.73928186,136313
525,515,86.42593286,5.523681897,33782
515,525,86.42593286,5.523681897,83184
526,494,119.4808991,13.3635276,1452
494,526,119.4808991,13.3635276,34412
526,521,85.34648189,9.545710443,5903
521,526,85.34648189,9.545710443,167227
527,491,119.4819888,13.36364947,1823
491,527,119.4819888,13.36364947,52339
527,528,85.9536,9.613614515,5906
528,527,85.9536,9.613614515,144041
528,492,119.4850989,13.36399733,2024
492,528,119.4850989,13.36399733,148977
528,529,85.64934236,9.579584344,5905
529,528,85.64934236,9.579584344,53915
529,488,120.0927472,13.4319607,2275
488,529,120.0927472,13.4319607,14296
529,530,85.6488,9.579523683,5898
530,529,85.6488,9.579523683,32181
530,493,119.7867878,13.3977402,2486
493,530,119.7867878,13.3977402,199383
530,533,85.65368101,9.580069607,5897
533,530,85.65368101,9.580069607,99600
531,499,119.1803079,13.3299075,2817
499,531,119.1803079,13.3299075,49818
531,532,85.34617713,9.545676355,5914
532,531,85.34617713,9.545676355,175445
532,500,119.4850989,13.36399733,2860
500,532,119.4850989,13.36399733,66132
532,535,146.3357466,16.36714992,5912
535,532,146.3357466,16.36714992,104421
533,496,120.3975433,13.4660511,2618
496,533,120.3975433,13.4660511,19932
533,534,85.17345779,9.526358291,5913
534,533,85.17345779,9.526358291,59988
534,531,85.52140674,9.565275185,5911
531,534,85.52140674,9.565275185,95357
534,497,120.5558756,13.48376003,2710
497,534,120.5558756,13.48376003,205300
535,501,122.2263202,13.6705935,2984
501,535,122.2263202,13.6705935,101139
535,536,84.7347048,9.477285279,5910
536,535,84.7347048,9.477285279,111992
536,503,121.9203802,13.63637517,3051
503,536,121.9203802,13.63637517,97602
536,537,85.04138493,5.435192227,5915
537,536,85.04138493,5.435192227,33126
537,504,121.9295208,13.63739752,3150
504,537,121.9295208,13.63739752,115404
537,538,76.50661908,4.889715538,5909
538,537,76.50661908,4.889715538,39291
538,539,9.1443048,0.584433737,5920
539,538,9.1443048,0.584433737,191391
538,565,119.5375614,4.456621693,116541
565,538,119.5375614,4.456621693,165722
539,540,10.0584,0.642855682,5919
540,539,10.0584,0.642855682,211968
540,511,14.00932306,0.522298199,138232
511,540,14.00932306,0.522298199,135542
540,541,76.20243837,4.870274644,5918
541,540,76.20243837,4.870274644,70011
541,510,30.48152397,3.409253612,3329
510,541,30.48152397,3.409253612,153443
542,543,38.6249279,4.320065332,44852
543,542,38.6249279,4.320065332,74526
543,525,100.1422846,6.400325762,33778
525,543,100.1422846,6.400325762,26642
544,545,73.4571048,16.43184902,104682
545,544,73.4571048,16.43184902,23528
545,535,62.17994557,6.954613038,2985
535,545,62.17994557,6.954613038,130114
546,518,117.6540745,13.15920355,61861
518,546,117.6540745,13.15920355,149275
547,519,117.0432,13.09087934,30234
519,547,117.0432,13.09087934,168281
547,546,85.044116,9.511891857,38211
546,547,85.044116,9.511891857,208559
548,522,118.219613,13.22245709,527
522,548,118.219613,13.22245709,927
548,551,85.55623663,9.569170788,38174
551,548,85.55623663,9.569170788,129986
549,520,118.3203873,13.23372835,239
520,549,118.3203873,13.23372835,112437
549,547,85.66827785,9.581702213,38212
547,549,85.66827785,9.581702213,185969
549,548,85.43233128,9.555312402,38175
548,549,85.43233128,9.555312402,219926
550,521,117.6543793,13.15923764,1647
521,550,117.6543793,13.15923764,90087
550,557,86.31223478,9.653726581,38176
557,550,86.31223478,9.653726581,122387
551,523,117.9576,13.19315183,840
523,551,117.9576,13.19315183,136836
551,553,84.43455148,9.443714162,38173
553,551,84.43455148,9.443714162,166144
552,550,85.65337621,9.580035516,38177
550,552,85.65337621,9.580035516,128170
552,526,117.9611394,13.1935477,1453
526,552,117.9611394,13.1935477,46075
553,524,118.8755192,13.29581794,1173
524,553,118.8755192,13.29581794,79807
553,552,85.95606647,9.613890381,38178
552,553,85.95606647,9.613890381,137512
554,555,85.89052804,9.606560133,38179
555,554,85.89052804,9.606560133,196274
554,713,62.07051436,6.942373533,214927
713,554,62.07051436,6.942373533,109732
555,558,84.74317516,9.47823266,38171
558,555,84.74317516,9.47823266,45273
555,714,61.2126792,6.846427622,214929
714,555,61.2126792,6.846427622,187576
556,533,118.2639711,13.22741839,2610
533,556,118.2639711,13.22741839,218303
556,559,85.04411926,9.511892222,38189
559,556,85.04411926,9.511892222,4471
557,527,120.0973887,13.43247984,1822
527,557,120.0973887,13.43247984,100731
557,554,84.4983231,9.450846799,38180
554,557,84.4983231,9.450846799,129502
558,530,120.094986,13.4322111,2487
530,558,120.094986,13.4322111,151698
558,556,85.95846692,9.614158863,38172
556,558,85.95846692,9.614158863,11055
559,560,86.25893745,9.647765458,38187
560,559,86.25893745,9.647765458,15227
559,534,119.0218468,13.31218418,2711
534,559,119.0218468,13.31218418,11844
560,561,85.34454428,9.545493727,38190
561,560,85.34454428,9.545493727,71949
560,531,120.396,13.46587849,2818
531,560,120.396,13.46587849,28610
561,562,145.736422,16.30011752,38188
562,561,145.736422,16.30011752,146755
561,532,120.0912,13.43178766,2862
532,561,120.0912,13.43178766,17053
562,563,85.34484908,9.545527818,38186
563,562,85.34484908,9.545527818,71023
562,545,57.60800796,6.443257543,2986
545,562,57.60800796,6.443257543,147829
563,564,84.1244952,9.409035434,38191
564,563,84.1244952,9.409035434,37927
563,536,120.0912,13.43178766,3052
536,563,120.0912,13.43178766,122512
564,565,73.76411896,8.250262987,38185
565,564,73.76411896,8.250262987,93240
564,537,119.4851013,13.3639976,3149
537,564,119.4851013,13.3639976,117290
565,566,11.8872,1.329542433,38196
566,565,11.8872,1.329542433,152011
565,589,114.3146295,4.26189937,116531
589,565,114.3146295,4.26189937,147673
566,567,9.4488,1.05681578,38195
567,566,9.4488,1.05681578,57967
567,568,77.72639055,8.693429435,38194
568,567,77.72639055,8.693429435,122136
567,540,119.491319,4.454897676,37611
540,567,119.491319,4.454897676,182919
568,541,119.4816,13.36360599,3328
541,568,119.4816,13.36360599,213953
569,571,47.0664091,10.52843194,104553
571,569,47.0664091,10.52843194,117485
569,525,136.8674186,15.30815,40045
525,569,136.8674186,15.30815,121642
570,701,113.0819536,7.227330029,189015
701,570,113.0819536,7.227330029,186856
571,600,155.9914311,34.89421005,104544
600,571,155.9914311,34.89421005,128712
571,702,105.312698,23.55772607,189016
702,571,105.312698,23.55772607,94925
572,547,97.31812783,10.88469786,30231
547,572,97.31812783,10.88469786,191502
573,551,115.5256304,12.9211444,835
551,573,115.5256304,12.9211444,74278
573,576,83.516061,9.340984161,38428
576,573,83.516061,9.340984161,75266
574,575,58.03766023,6.491312671,38435
575,574,58.03766023,6.491312671,3801
575,548,115.845962,12.95697239,528
548,575,115.845962,12.95697239,17368
575,573,87.04951492,9.736188829,38437
573,575,87.04951492,9.736188829,18388
576,553,114.9100043,12.85228873,1174
553,576,114.9100043,12.85228873,2905
576,578,85.95846369,9.614158502,38429
578,576,85.95846369,9.614158502,110427
577,557,113.7237948,12.71961528,1821
557,577,113.7237948,12.71961528,78078
577,580,87.1749293,9.750215996,38430
580,577,87.1749293,9.750215996,131392
578,552,116.4339982,13.02274221,1454
552,578,116.4339982,13.02274221,20429
578,579,85.344,9.545432851,38432
579,578,85.344,9.545432851,107616
579,550,117.348,13.12497017,1648
550,579,117.348,13.12497017,62434
579,577,83.51742257,9.341136449,38431
577,579,83.51742257,9.341136449,49793
580,554,115.2753773,12.89315445,2026
554,580,115.2753773,12.89315445,193814
580,582,86.56802943,9.682336333,38433
582,580,86.56802943,9.682336333,141829
581,570,164.7624879,10.53035289,33775
570,581,164.7624879,10.53035289,62282
581,572,29.94375763,3.349106296,30232
572,581,29.94375763,3.349106296,74591
582,555,116.1304,12.9887858,2270
555,582,116.1304,12.9887858,154547
582,585,84.73659279,9.477496444,38434
585,582,84.73659279,9.477496444,147393
583,584,85.03974623,9.511403114,38445
584,583,85.03974623,9.511403114,102705
583,560,114.6064213,12.81833402,2809
560,583,114.6064213,12.81833402,40758
584,561,114.6052053,12.81819802,2854
561,584,114.6052053,12.81819802,18133
584,588,145.1004874,16.22899043,38446
588,584,145.1004874,16.22899043,95077
585,586,85.6488,9.579523683,38427
586,585,85.6488,9.579523683,48198
585,558,115.5205036,12.92057099,2481
558,585,115.5205036,12.92057099,177988
586,587,84.73933368,9.477803003,38442
587,586,84.73933368,9.477803003,60988
586,556,116.433999,13.0227423,2614
556,586,116.433999,13.0227423,140182
587,583,86.8813674,9.717382107,38441
583,587,86.8813674,9.717382107,161284
587,559,116.4332952,13.02266358,2704
559,587,116.4332952,13.02266358,165069
588,562,113.9956075,12.7500166,2978
562,588,113.9956075,12.7500166,86860
588,590,84.1386032,9.410613366,38447
590,588,84.1386032,9.410613366,154329
589,591,9.758361339,1.091439151,38456
591,589,9.758361339,1.091439151,217218
589,596,8.165538078,0.304429116,138238
596,589,8.165538078,0.304429116,116106
590,563,115.224483,12.88746209,3046
563,590,115.224483,12.88746209,86616
590,592,84.43180069,9.443406496,38448
592,590,84.43180069,9.443406496,37694
591,593,10.07716004,1.127095689,38455
593,591,10.07716004,1.127095689,186979
592,589,76.81504266,8.591498309,38440
589,592,76.81504266,8.591498309,89587
592,564,115.8304167,12.9552337,3143
564,592,115.8304167,12.9552337,160373
593,567,115.2148041,4.29545985,37601
567,593,115.2148041,4.29545985,185751
593,594,74.6812934,8.352845794,38439
594,593,74.6812934,8.352845794,17254
594,568,115.5517664,12.92406762,3320
568,594,115.5517664,12.92406762,159302
595,593,7.171558361,0.267371378,138132
593,595,7.171558361,0.267371378,36175
596,644,319.6984073,11.91905574,138292
644,596,319.6984073,11.91905574,153793
596,618,151.5909711,8.477464351,131215
618,596,151.5909711,8.477464351,195623
597,592,39.3192,4.397717278,3142
592,597,39.3192,4.397717278,126826
597,618,122.3700385,7.820953088,131163
618,597,122.3700385,7.820953088,85531
598,594,50.60016737,5.659454676,3319
594,598,50.60016737,5.659454676,217539
599,586,89.56976485,10.01807011,168056
586,599,89.56976485,10.01807011,126139
600,615,28.71269388,6.422832101,104551
615,600,28.71269388,6.422832101,15507
601,604,85.03974623,9.511403114,39522
604,601,85.03974623,9.511403114,31268
601,576,117.0495498,13.09158955,1168
576,601,117.0495498,13.09158955,132213
602,577,116.7524144,13.05835597,1816
577,602,116.7524144,13.05835597,86657
603,573,117.6528,13.159061,836
573,603,117.6528,13.159061,83300
603,601,84.73525301,9.477346595,39519
601,603,84.73525301,9.477346595,139462
604,605,84.1248,9.409069525,39521
605,604,84.1248,9.409069525,113578
604,578,116.433999,13.0227423,1443
578,604,116.433999,13.0227423,63629
605,579,116.4371905,13.02309926,1640
579,605,116.4371905,13.02309926,64266
605,602,86.25863372,9.647731487,39520
602,605,86.25863372,9.647731487,31838
606,608,87.47813102,9.784128066,39529
608,606,87.47813102,9.784128066,10598
606,587,114.3004064,12.78410731,2703
587,606,114.3004064,12.78410731,67626
607,624,128.419862,14.36331985,162992
624,607,128.419862,14.36331985,158593
607,585,115.4613702,12.91395712,2480
585,607,115.4613702,12.91395712,5364
607,609,85.76084823,9.592055892,39518
609,607,85.76084823,9.592055892,101151
608,610,85.044116,9.511891857,39530
610,608,85.044116,9.511891857,60254
608,583,116.1292,12.98865158,2808
583,608,116.1292,12.98865158,47576
609,599,26.06780509,2.915594336,2613
599,609,26.06780509,2.915594336,1219
610,611,145.7381254,16.30030805,39528
611,610,145.7381254,16.30030805,120452
610,584,116.7387979,13.05683301,2853
584,610,116.7387979,13.05683301,42699
611,588,117.0447891,13.09105707,2977
588,611,117.0447891,13.09105707,123096
611,612,84.42984539,9.443187803,39532
612,611,84.42984539,9.443187803,56508
612,590,115.8276094,12.95491971,3045
590,612,115.8276094,12.95491971,166341
612,613,83.21263293,9.307046776,39533
613,612,83.21263293,9.307046776,8113
613,597,76.50540716,8.556866643,3145
597,613,76.50540716,8.556866643,2163
614,598,66.50330613,7.438166046,3325
598,614,66.50330613,7.438166046,38105
615,616,27.6438976,6.183749725,104552
616,615,27.6438976,6.183749725,1123
616,619,27.5691676,6.167033139,104547
619,616,27.5691676,6.167033139,30088
617,598,98.11503243,7.315885934,131046
598,617,98.11503243,7.315885934,63354
617,595,142.1350636,7.948658986,138237
595,617,142.1350636,7.948658986,190471
618,644,177.7483344,9.940269912,131164
644,618,177.7483344,9.940269912,93559
618,640,156.7461316,10.01800896,131214
640,618,156.7461316,10.01800896,55947
619,615,48.83957734,10.92507747,104548
615,619,48.83957734,10.92507747,68424
619,621,43.06404577,9.633130793,104549
621,619,43.06404577,9.633130793,108404
620,606,68.0329541,7.609251911,168057
606,620,68.0329541,7.609251911,53854
620,599,84.6160963,9.464019326,168058
599,620,84.6160963,9.464019326,54832
621,630,31.22161406,6.984060286,104550
630,621,31.22161406,6.984060286,69331
622,637,131.6401445,8.413427071,160094
637,622,131.6401445,8.413427071,89396
623,622,16.43529467,3.676462357,160095
622,623,16.43529467,3.676462357,66192
624,729,34.5606777,3.865492926,220127
729,624,34.5606777,3.865492926,43454
625,628,95.41457176,10.67179166,40382
628,625,95.41457176,10.67179166,144129
625,604,117.5740104,13.15024866,1449
604,625,117.5740104,13.15024866,122033
626,602,116.4339982,13.02274221,1817
602,626,116.4339982,13.02274221,9690
627,608,115.5336751,25.84408834,2814
608,627,115.5336751,25.84408834,84502
627,631,86.26701581,19.29733799,40390
631,627,86.26701581,19.29733799,27568
628,605,116.4371905,13.02309926,1642
605,628,116.4371905,13.02309926,142739
628,626,86.86853474,9.715946818,40381
626,628,86.86853474,9.715946818,124210
629,627,85.34889844,19.09196145,40388
627,629,85.34889844,19.09196145,94196
629,606,116.7387979,13.05683301,2706
606,629,116.7387979,13.05683301,100348
630,636,90.04103868,20.14156094,104545
636,630,90.04103868,20.14156094,100090
631,610,115.8256042,12.95469544,2857
610,631,115.8256042,12.95469544,216879
631,632,71.48329605,7.995160789,40387
632,631,71.48329605,7.995160789,59365
633,613,116.1351998,12.98932264,3148
613,633,116.1351998,12.98932264,71596
634,614,117.0574867,13.09247725,3323
614,634,117.0574867,13.09247725,167474
635,625,12.70844914,1.421396324,1448
625,635,12.70844914,1.421396324,219829
636,621,104.1930462,23.30726767,104546
621,636,104.1930462,23.30726767,199998
637,635,47.05879782,3.007636956,1447
635,637,47.05879782,3.007636956,42376
637,662,173.7360794,11.10387594,33797
662,637,173.7360794,11.10387594,13112
638,629,64.62047542,7.227577908,2707
629,638,64.62047542,7.227577908,144784
639,628,68.27588034,7.636422375,1643
628,639,68.27588034,7.636422375,154629
640,633,71.935383,8.04572516,3144
633,640,71.935383,8.04572516,175072
641,634,69.51110853,7.774578399,3324
634,641,69.51110853,7.774578399,128558
641,617,165.18913,10.55762058,131000
617,641,165.18913,10.55762058,133533
642,648,131.4068969,14.69740943,29871
648,642,131.4068969,14.69740943,116931
642,728,127.9995913,14.31631402,220126
728,642,127.9995913,14.31631402,88090
643,637,61.48976971,13.75483848,1445
637,643,61.48976971,13.75483848,88045
644,655,21.75241689,0.81097767,116537
655,644,21.75241689,0.81097767,73061
645,617,192.8054001,10.78231041,131045
617,645,192.8054001,10.78231041,210525
645,595,319.8382282,11.92426857,138318
595,645,319.8382282,11.92426857,84358
646,662,101.7796266,11.38370116,163925
662,646,101.7796266,11.38370116,15929
647,651,40.26118641,4.503075218,29885
651,647,40.26118641,4.503075218,21154
647,666,79.2701792,8.866096886,48839
666,647,79.2701792,8.866096886,161704
647,638,68.93745798,7.710417558,48838
638,647,68.93745798,7.710417558,101106
648,649,87.72031044,5.606408572,29884
649,648,87.72031044,5.606408572,191242
648,717,63.73994376,14.25818694,216956
717,648,63.73994376,14.25818694,114173
649,647,44.81462491,2.864206659,29883
647,649,44.81462491,2.864206659,45624
649,638,51.51210178,11.52290281,2705
638,649,51.51210178,11.52290281,127908
650,652,143.642554,16.06592559,29881
652,650,143.642554,16.06592559,136576
650,631,115.8067899,12.95259112,2855
631,650,115.8067899,12.95259112,196847
651,627,116.8221771,26.13231738,2810
627,651,116.8221771,26.13231738,32204
651,650,85.55789419,9.569356181,29882
650,651,85.55789419,9.569356181,104418
652,653,86.2777844,5.514213385,29880
653,652,86.2777844,5.514213385,67842
653,654,85.044116,5.435366775,29887
654,653,85.044116,5.435366775,121097
653,612,232.5695908,26.01210878,3047
612,653,232.5695908,26.01210878,26324
654,655,74.3712,4.75323595,29879
655,654,74.3712,4.75323595,123657
654,640,44.80974674,5.011816046,3146
640,654,44.80974674,5.011816046,196719
655,656,15.5448,0.993504236,29892
656,655,15.5448,0.993504236,156547
655,674,116.248314,4.333991357,116538
674,655,116.248314,4.333991357,73204
656,657,14.0208,0.89610186,29891
657,656,14.0208,0.89610186,98835
657,645,21.75187186,0.81095735,137336
645,657,21.75187186,0.81095735,172437
657,658,67.056,4.285704545,29890
658,657,67.056,4.285704545,193133
658,641,44.20020395,4.943640781,3321
641,658,44.20020395,4.943640781,63993
659,639,53.34087084,11.93198587,1641
639,659,53.34087084,11.93198587,107948
660,651,12.9351226,1.446748971,2813
651,660,12.9351226,1.446748971,137797
660,668,120.6015545,13.48886905,48835
668,660,120.6015545,13.48886905,83628
661,692,309.4346053,34.60919627,104311
692,661,309.4346053,34.60919627,148846
662,678,166.4696989,10.63946471,163924
678,662,166.4696989,10.63946471,195164
663,661,84.14674042,9.411523485,104517
661,663,84.14674042,9.411523485,216611
664,648,56.3815668,6.306084317,2616
648,664,56.3815668,6.306084317,124955
665,652,60.65596584,6.784161147,2980
652,665,60.65596584,6.784161147,66019
666,660,52.22399946,5.84107471,2812
660,666,52.22399946,5.84107471,142965
667,726,26.6963371,2.98589348,220121
726,667,26.6963371,2.98589348,69874
667,727,71.63715095,8.012368931,220124
727,667,71.63715095,8.012368931,118150
668,670,30.45103023,1.946195996,48837
670,668,30.45103023,1.946195996,25944
668,650,97.38871796,10.89259313,2856
650,668,97.38871796,10.89259313,137938
669,688,74.89982845,8.377288187,2828
688,669,74.89982845,8.377288187,42234
669,670,106.7013339,11.93417718,19423
670,669,106.7013339,11.93417718,46089
669,666,50.29292364,5.625090521,2811
666,669,50.29292364,5.625090521,96981
670,671,123.1486303,7.870714698,19424
671,670,123.1486303,7.870714698,77848
670,693,193.0209624,12.33641756,48836
693,670,193.0209624,12.33641756,153034
671,673,85.34889844,5.454846129,19422
673,671,85.34889844,5.454846129,42791
671,665,56.39129504,6.307172387,2981
665,671,56.39129504,6.307172387,130898
672,674,90.22512889,5.766497331,19421
674,672,90.22512889,5.766497331,124115
672,654,114.3146295,12.78569811,3147
654,672,114.3146295,12.78569811,54462
673,672,84.43455148,5.396408093,19425
672,673,84.43455148,5.396408093,63331
673,679,18.66958772,2.088129171,3130
679,673,18.66958772,2.088129171,19590
673,653,116.1351998,12.98932264,3048
653,673,116.1351998,12.98932264,29727
674,675,15.5451048,0.993523716,19429
675,674,15.5451048,0.993523716,172531
674,687,62.94279849,2.346645171,37607
687,674,62.94279849,2.346645171,53307
675,676,14.0208,0.89610186,19430
676,675,14.0208,0.89610186,36729
676,657,116.2977402,4.335834075,37606
657,676,116.2977402,4.335834075,79254
676,677,53.95304397,3.448264223,19428
677,676,53.95304397,3.448264223,39308
677,658,115.8276094,12.95491971,3322
658,677,115.8276094,12.95491971,90027
677,683,47.5575915,5.31915303,39739
683,677,47.5575915,5.31915303,124829
678,667,90.40671002,20.22335911,162998
667,678,90.40671002,20.22335911,86612
679,691,66.09643446,7.39265885,3129
691,679,66.09643446,7.39265885,154946
680,678,131.0291542,14.65516021,138098
678,680,131.0291542,14.65516021,155502
681,682,16.16882545,3.616855025,104510
682,681,16.16882545,3.616855025,49101
681,663,122.5303412,13.70459721,104516
663,681,122.5303412,13.70459721,155528
682,686,16.81604853,3.761634374,104511
686,682,16.81604853,3.761634374,189072
684,691,35.13010082,7.858361888,108227
691,684,35.13010082,7.858361888,49328
685,676,59.95505526,2.23525557,37608
676,685,59.95505526,2.23525557,90082
686,681,29.90925104,6.690493705,104512
681,686,29.90925104,6.690493705,150287
686,690,18.42378422,4.12127379,104513
690,686,18.42378422,4.12127379,204929
688,697,222.4671773,24.88218858,49095
697,688,222.4671773,24.88218858,116244
689,680,19.27016024,2.155301142,2016
680,689,19.27016024,2.155301142,24446
690,696,135.3410358,30.27485867,104508
696,690,135.3410358,30.27485867,33380
691,693,59.01246016,6.60034069,3128
693,691,59.01246016,6.60034069,79857
692,689,89.86406336,10.05098639,2018
689,692,89.86406336,10.05098639,117980
693,695,59.47662612,6.652256056,3126
695,693,59.47662612,6.652256056,46288
694,690,119.2037169,26.66505145,104509
690,694,119.2037169,26.66505145,54584
695,697,55.14521927,6.167803098,3127
697,695,55.14521927,6.167803098,79279
696,694,29.80944623,6.668168058,104507
694,696,29.80944623,6.668168058,171416
698,3,8.698647704,0.555950758,169624
3,698,8.698647704,0.555950758,150220
699,700,45.38870675,10.15314146,174317
700,699,45.38870675,10.15314146,20165
700,264,101.5572653,6.490760461,174321
264,700,101.5572653,6.490760461,68261
701,543,152.9271472,17.10437541,133489
543,701,152.9271472,17.10437541,21938
701,543,73.91427478,4.724032799,189014
543,701,73.91427478,4.724032799,12789
703,470,165.5749796,37.03798392,77401
470,703,165.5749796,37.03798392,217916
703,509,131.3219005,29.37580576,189111
509,703,131.3219005,29.37580576,36342
704,514,157.532004,35.2388256,189112
514,704,157.532004,35.2388256,167550
704,707,109.4148512,12.23767477,199661
707,704,109.4148512,12.23767477,8636
705,147,28.06962748,6.27898257,198824
147,705,28.06962748,6.27898257,127376
706,136,13.71796396,3.06861417,198944
136,706,13.71796396,3.06861417,63374
709,700,128.6857483,8.224604754,211064
700,709,128.6857483,8.224604754,130231
709,710,104.1931552,23.30729206,211065
710,709,104.1931552,23.30729206,191049
711,581,93.85072056,5.998217307,33777
581,711,93.85072056,5.998217307,151325
711,622,278.9548851,17.82865395,33794
622,711,278.9548851,17.82865395,201043
711,712,66.97360665,7.490767541,214237
712,711,66.97360665,7.490767541,144319
712,574,39.79497722,8.901862648,38436
574,712,39.79497722,8.901862648,119368
712,549,112.0334565,12.53055676,238
549,712,112.0334565,12.53055676,6098
713,528,57.04557089,6.38035089,214926
528,713,57.04557089,6.38035089,134151
714,713,85.76939162,19.18602288,214923
713,714,85.76939162,19.18602288,104069
714,529,57.6593208,6.448996707,214928
529,714,57.6593208,6.448996707,52844
715,13,1.112417368,0.041473352,215920
13,715,1.112417368,0.041473352,121976
716,16,488.0472636,18.19546925,215923
16,716,488.0472636,18.19546925,9099
718,354,237.6343373,15.18776187,218005
354,718,237.6343373,15.18776187,47379
719,513,67.10354167,4.288743044,218006
513,719,67.10354167,4.288743044,124099
720,283,57.53597141,6.435200502,218267
283,720,57.53597141,6.435200502,28140
720,721,84.47173531,4.723936523,218268
721,720,84.47173531,4.723936523,73271
721,723,55.71445113,3.115734862,218272
723,721,55.71445113,3.115734862,102811
722,110,273.57787,15.29937188,218270
110,722,273.57787,15.29937188,150540
723,722,180.7794514,10.10977991,218273
722,723,180.7794514,10.10977991,151409
724,725,212.2237021,13.56370921,218306
725,724,212.2237021,13.56370921,104314
725,123,404.3492433,25.84289832,33840
123,725,404.3492433,25.84289832,72569
726,626,225.8658461,25.262318,220122
626,726,225.8658461,25.262318,153330
727,642,65.94281054,7.375476542,220123
642,727,65.94281054,7.375476542,87229
728,624,13.85371515,1.549490388,220125
624,728,13.85371515,1.549490388,4853
729,620,49.84227293,5.57468679,220128
620,729,49.84227293,5.57468679,113371
731,665,71.5285736,16.00044986,108234
665,731,71.5285736,16.00044986,184221
