from_node,to_node,distance,travel_time,source_edge_id,,
2,1,154.1460347,2.627483256,131073,,46.98371138
2,7,239.1756677,2.717899138,116514,,72.90074351
3,1,76.6093989,1.492387496,40063,,23.35054478
3,7,308.196366,5.253335208,131160,,93.93825236
4,2,69.12332458,1.178235809,131081,,21.06878933
5,4,60.63804087,1.03360062,131082,,18.48247486
6,0,384.0795118,7.482051407,37333,,117.0674352
7,716,3.8972277,0.044286578,215922,,1.187875003
8,698,348.1121617,6.781390335,169623,,106.1045869
9,6,384.025364,7.480996582,37334,,117.0509309
10,8,386.2913408,7.525138887,40071,,117.7416007
11,9,347.5439878,6.770322038,37335,,105.9314075
12,10,318.5407492,6.205325167,40072,,97.09122036
12,16,822.7696056,12.46617781,139326,,250.7801758
13,5,1125.200871,12.78634447,37584,,342.9612255
13,5,1150.834875,19.61645897,212962,,350.7744699
14,11,677.1069041,13.19036426,37314,,206.3821844
14,715,486.8123638,5.531946107,215921,,148.3804085
15,14,97.01546269,1.889907316,37324,,29.57031303
16,17,30.74908039,0.349420574,137260,,9.372319703
17,15,83.72475142,1.630997944,37323,,25.51930423
17,22,302.8356991,3.441306941,116510,,92.30432109
18,14,270.1148601,3.06948007,37580,,82.33100936
18,11,959.7820428,16.359884,131071,,292.5415666
19,20,47.75981575,0.930383907,42033,,14.55719184
20,18,208.9519443,2.374448516,137271,,63.68855262
20,21,30.6757233,0.597577667,42031,,9.349960462
21,22,31.95309062,0.62246139,42032,,9.739302021
22,23,158.4834376,3.087332677,42030,,48.30575178
22,31,793.1962673,9.013573461,116508,,241.7662223
23,17,288.1483837,5.613267445,37321,,87.82762735
23,24,283.1342438,5.515589617,42026,,86.29931751
24,25,275.5303976,5.367463079,42028,,83.98166519
25,27,289.1158937,5.632114999,42027,,88.1225244
26,20,397.7587208,4.519975191,37579,,121.2368581
27,35,1101.780831,21.46321416,42023,,335.8227973
28,23,376.6337744,7.337004904,37317,,114.7979744
28,29,273.6512379,9.328998272,39641,,83.40889731
29,24,376.6974914,7.338246142,40058,,114.8173954
30,26,389.9355526,4.431075754,37577,,118.8523564
31,36,113.4636506,1.289356736,116509,,34.5837207
32,30,53.60097032,0.609100551,37578,,16.33757575
33,32,30.80486978,1.050163628,54932,,9.389324309
34,37,234.0299126,7.978274343,39435,,71.33231736
35,43,318.9868302,10.87452631,42025,,97.22718584
35,730,996.4491985,19.41130391,42024,,303.7177157
36,33,43.1750391,1.471872988,54931,,13.15975192
36,53,662.9607832,7.533628142,116506,,202.0704467
37,28,390.3562476,7.604325203,37318,,118.9805843
37,40,276.4091171,9.423016667,39434,,84.24949889
38,36,112.2942563,3.828204582,54929,,34.22728932
39,32,213.5158074,2.426310479,37575,,65.0796181
40,29,386.1825993,7.523020551,40059,,117.7084563
40,41,184.1289192,6.277107979,39432,,56.12249457
41,42,90.39248251,6.1631098,138430,,27.55162867
42,44,123.7040499,4.217173935,138431,,37.70499441
42,25,760.0532876,51.82169729,14594,,231.6642421
43,730,831.3820432,16.19571728,33849,,253.4052468
44,46,165.6832338,5.648279224,39433,,50.50024966
45,38,188.2240788,6.416715376,19355,,57.37069922
45,34,381.7908897,13.01556893,19354,,116.3698632
45,47,272.7123026,9.296989186,38325,,83.12270983
46,27,757.8337549,14.76296167,36367,,230.9877285
47,49,276.8122107,9.436758463,38324,,84.37236182
47,37,369.7688467,7.20327285,37319,,112.7055445
48,50,221.3744475,4.312479436,34281,,67.4749316
48,39,681.2489331,10.32193007,131012,,207.6446748
49,55,239.3955083,8.161191962,38326,,72.96775093
49,40,373.8716357,7.28319713,40061,,113.9560746
50,51,16.76305463,0.32655227,34282,,5.109379051
51,52,47.76075796,0.930402261,34284,,14.55747903
51,39,521.5103067,5.926240016,37593,,158.9563415
52,53,35.84597608,0.698296648,34285,,10.92585351
53,54,12.20655562,0.138710544,116522,,3.720558153
53,57,127.7693234,2.489007137,34283,,38.94408977
54,66,400.6007988,4.552271458,116515,,122.1031235
54,67,378.8469348,6.45760353,131251,,115.4725457
55,56,35.08035589,2.391837011,161533,,10.69249248
56,42,382.4146964,26.07367004,14595,,116.5599995
57,38,572.475353,19.51616086,54928,,174.4904876
57,59,187.2751986,5.107493808,34273,,57.08148053
58,43,915.0547199,17.82570078,33848,,278.9086786
59,45,384.0338527,13.09203341,19351,,117.0535183
59,61,273.6037479,7.461903438,34278,,83.39442236
60,48,251.2946478,6.853474818,131070,,76.59460865
60,50,390.6154866,7.609375302,134302,,119.0596003
61,62,274.7504922,7.493178212,34274,,83.74395002
61,47,386.8007244,7.535061922,37320,,117.8968608
62,49,385.0629188,7.501208643,40052,,117.3671777
62,70,277.9475786,7.580371279,34275,,84.71842196
63,60,192.8544355,3.287284043,131066,,58.78203194
63,64,207.1116273,5.648486089,32496,,63.127624
64,51,422.4547322,4.800611046,37585,,128.7642024
64,65,40.79215611,1.11251082,32497,,12.43344918
65,66,39.29376541,1.071645712,32498,,11.9767397
66,108,1011.549801,11.49485798,116517,,308.3203793
66,67,100.5783277,2.743039067,32494,,30.65627428
67,68,66.09810891,1.802671601,32495,,20.1467036
67,71,70.71067812,1.20529291,131254,,21.55261469
68,57,394.6797493,13.45496087,54944,,120.2983876
68,71,106.7647627,2.911759638,131151,,32.54189967
68,72,269.0688001,7.338223325,32493,,82.01217027
69,64,92.4175308,1.050196827,37590,,28.16886339
70,56,375.7552395,25.61961719,14589,,114.530197
70,73,290.396281,7.919880573,34276,,88.51278645
71,108,987.6326411,14.96409692,131150,,301.030429
71,83,716.3783747,12.21096727,131253,,218.3521286
72,59,385.8261911,13.15313571,19352,,117.599823
72,74,275.4237828,7.511540641,32487,,83.949169
73,75,474.1698008,12.93187427,34277,,144.5269553
73,46,760.9954008,14.82455204,217836,,231.9513982
74,61,380.8113024,12.98217399,37316,,116.071285
74,76,274.637641,7.490100459,32486,,83.70955298
75,58,686.6153003,13.37559233,33847,,209.2803435
76,62,380.5863788,12.97450615,40057,,116.0027283
76,78,277.9338622,7.579997196,32489,,84.7142412
77,68,385.4175943,13.13920631,54948,,117.4752827
77,80,272.9706944,9.305797978,29342,,83.20146765
78,81,290.9986186,7.936307925,32490,,88.69637895
78,70,380.1937454,25.92224191,14593,,115.8830536
79,63,579.2020538,9.872739843,131067,,176.540786
79,69,613.6915999,9.298336442,131010,,187.0531996
80,82,273.9123948,9.337901327,29340,,83.48849794
80,72,380.0204044,12.95521162,19374,,115.8302193
81,85,510.7680491,13.93000604,32488,,155.6821014
81,73,378.9168774,7.381480836,36369,,115.4938642
82,84,277.5150856,9.460720053,29339,,84.58659809
82,74,379.7143245,12.9447771,37313,,115.7369261
83,87,74.1047269,2.021033413,131255,,22.58712076
83,122,353.9229577,6.032763977,131249,,107.8757175
84,100,234.6832914,8.000548569,29341,,71.53146722
84,76,380.5698265,12.97394187,40056,,115.9976831
85,75,388.9506436,7.576943369,33851,,118.5521562
87,125,346.5890446,9.452407006,131252,,105.6403408
88,69,818.2949229,9.298784808,37587,,249.4162925
89,90,158.4005837,1.800002542,37573,,48.28049791
90,91,42.10700677,0.478487626,37599,,12.83421566
91,92,46.17358552,0.524698643,37598,,14.07370887
92,94,25.12569614,0.285518625,137356,,7.658312183
92,96,48.27007354,0.822783474,131469,,14.71271841
92,103,36.68787266,0.500288036,131480,,11.18246359
92,93,621.4806501,10.5933961,138120,,189.4273022
93,95,6.81226673,0.116117919,131483,,2.076378899
94,95,563.9932224,9.613498988,137773,,171.9051342
94,132,1102.05958,12.52337586,37595,,335.90776
95,119,268.9274995,3.3338044,134882,,81.96910185
96,98,20.61552813,0.351400249,131471,,6.283612974
97,86,59.61635683,1.161354961,51936,,18.17106556
97,89,1092.395609,12.41355825,37629,,332.9621816
98,90,31.144823,0.530876458,134785,,9.49294205
98,102,32.24903099,0.549698143,131470,,9.829504646
99,90,31.57530681,0.538214234,134886,,9.624153516
100,106,40.31678941,2.748865758,161662,,12.28855741
101,98,17.69180601,0.30156419,134786,,5.392462472
101,92,62.17716623,1.059835652,134892,,18.95160027
102,99,8.06225775,0.137424536,102098,,2.457376162
102,109,49.1934955,0.838523586,131466,,14.99417743
103,112,37.94733192,0.517462441,131479,,11.56634677
104,114,126.3173612,1.435421297,37630,,38.50153169
104,116,128.1600562,2.184541448,131244,,39.06318513
105,77,374.2825488,12.75960335,54949,,114.0813209
105,113,271.4277068,9.253196247,27089,,82.73116503
106,78,383.3435227,26.13699896,14592,,116.8431057
107,97,37.70562302,0.734523454,51940,,11.4926739
108,130,367.5785897,4.177019935,116518,,112.0379541
109,104,1046.543256,11.89250997,116552,,318.9863844
109,118,332.8818006,5.674108705,131473,,101.4623728
110,109,40.19850745,0.456800183,37574,,12.25250507
110,102,26.30604495,0.448397474,134885,,8.018082501
110,101,52.69808347,0.898260745,134891,,16.06237584
111,110,35.51154743,0.403539395,116529,,10.82391966
112,111,41.59327036,0.472649725,116528,,12.67762881
112,101,52.80151513,0.900023781,134784,,16.09390181
112,153,401.5778902,6.845062117,131476,,122.4009409
113,80,323.5922255,11.03152807,19372,,98.63091033
114,107,35.84597608,0.698296648,51941,,10.92585351
114,167,793.0271879,9.011652109,116551,,241.7146869
115,112,148.7581931,1.690430171,116527,,45.34149726
116,114,23.76972865,0.46304561,51938,,7.245013293
116,190,997.5678688,17.00395912,131242,,304.0586864
117,121,383.2282219,6.532284391,131188,,116.807962
118,117,433.18349,7.383792707,134787,,132.0343278
118,134,336.1807488,9.168545039,131472,,102.4678922
119,132,303.7287819,3.765224276,131009,,92.57653272
120,79,528.4514315,9.007674383,131069,,161.0719963
121,116,61.84658438,1.204800854,51939,,18.85083892
121,190,959.7865244,16.35996039,131186,,292.5429326
122,171,633.5903225,10.7998105,131250,,193.1183303
123,85,216.4280954,4.216122146,33852,,65.96728348
124,120,36,1.227269938,257,,10.9728
124,88,353.2870436,4.014616371,37592,,107.6818909
126,124,55,1.874995739,250,,16.764
127,110,235.2864807,4.010555897,134888,,71.71531932
128,115,438.1305437,8.534991194,131191,,133.5421897
128,129,187.6832438,3.19913893,131246,,57.20585271
129,112,442.5749726,7.543874433,134783,,134.8968516
129,153,488.3696155,8.324463163,131248,,148.8550588
130,126,53,1.806814075,254,,16.1544
130,155,329.0281074,3.738947268,116519,,100.2877671
131,128,342.3879077,5.836144254,131247,,104.3598343
131,115,776.5428599,8.824330625,116524,,236.6902637
132,135,103.4456379,1.175515941,37597,,31.53023043
133,120,238.4722206,4.064858158,131068,,72.68633284
133,124,215.6409052,2.450459263,37588,,65.7273479
134,117,332.7029923,9.07369735,131187,,101.4078721
134,169,476.5322325,12.99630408,134883,,145.2470245
135,154,294.5386224,3.347022193,37594,,89.77537211
136,106,334.0210079,22.77410787,162761,,101.8096032
137,84,430.5868382,14.6790634,40054,,131.2428683
137,706,229.9944352,7.840701562,198945,,70.10230385
138,137,271.0609533,9.240693315,23580,,82.61937857
138,82,526.2229102,17.93937662,37312,,160.392743
139,113,297.3914565,10.13832207,19371,,90.64491594
139,138,279.0017921,9.511403114,23584,,85.03974623
140,139,273.7333374,9.331797112,23583,,83.43392124
140,105,346.1844177,11.80171469,54945,,105.5170105
141,86,623.2502804,10.62356018,134779,,189.9666855
141,97,602.9253892,6.851409306,37628,,183.7716586
142,133,121.7940639,1.384020308,37589,,37.12283068
143,140,269.3084553,9.180949201,23585,,82.08521718
144,125,137.0036423,4.6705681,30248,,41.75871017
144,143,257.0016865,8.761401218,23582,,78.33411405
145,135,44.04538572,1.501543828,1661,,13.42503357
146,148,239.002092,8.147780073,23533,,72.84783764
148,149,279.0017921,9.511403114,23532,,85.03974623
149,705,181.9153455,6.201645411,198825,,55.44779731
150,142,44,1.499996591,538,,13.4112
151,131,329.2211589,3.74114103,116523,,100.3466092
151,145,47.09571107,1.605531956,1662,,14.35477273
152,142,293.5039394,3.335264458,37591,,89.46000073
153,213,859.901595,14.65738024,131245,,262.0980062
153,213,813.1663767,13.86075901,218275,,247.8531116
154,157,284.7763498,3.236087529,37596,,86.79983142
155,150,49,1.670450749,537,,14.9352
155,160,151.5001207,1.721588368,140341,,46.17723679
156,155,15.024,0.512180654,140342,,4.5793152
156,160,148.6756326,4.054780765,140350,,45.31633282
157,152,278.8681481,3.168949026,37586,,84.99901154
158,154,30,1.022724948,1466,,9.144
159,152,36,1.227269938,851,,10.9728
160,165,137.1182432,1.558158313,116520,,41.79364053
161,156,281.5887755,7.679676423,131149,,85.82825877
161,130,215,7.329528797,253,,65.532
162,128,686.7328447,13.37788215,131190,,209.3161711
162,151,76.02631123,2.591800174,1660,,23.17281966
163,157,35,1.193179106,1188,,10.668
164,158,33,1.124997443,1468,,10.0584
164,151,289.7481665,3.292585318,116525,,88.31524115
165,159,39,1.329542433,852,,11.8872
165,166,278.518305,3.164973546,116516,,84.89237936
166,164,285.3779389,3.242923754,116526,,86.98319578
166,163,35,1.193179106,1187,,10.668
167,212,658.8550017,11.23045746,131232,,200.8190045
167,248,1217.149373,13.83121144,116505,,370.9871289
168,164,97,3.306810666,1467,,29.5656
168,162,298.4577022,5.814097868,131192,,90.96990763
169,121,629.4540683,12.26206437,51934,,191.8576
170,161,232.4098891,7.923046394,140351,,70.8385342
170,171,31.13045803,1.061263203,140355,,9.488563608
170,181,280.6016041,9.565942035,16769,,85.52736893
171,182,34.1323983,0.581800921,140353,,10.403555
171,183,249.5360296,8.506890766,16835,,76.05858182
172,81,985.1440362,19.19107397,36371,,300.2719022
173,172,296.5145034,10.10842601,16830,,90.37762064
173,136,380.4445504,12.96967111,14590,,115.959499
174,173,274.898379,9.371514349,16829,,83.78902592
174,137,380.5244945,12.97239647,40053,,115.9838659
175,174,275.129748,9.37940191,16828,,83.85954719
175,138,381.7953514,13.01572103,37337,,116.3712231
176,139,383.0208872,13.05750057,19370,,116.7447664
176,175,274.4908566,9.357621571,16834,,83.66481309
177,140,379.7286434,12.94526524,54946,,115.7412905
177,176,277.002805,9.443255981,16833,,84.43045496
178,177,269.0008587,9.170462977,16831,,81.99146173
178,143,378.5953207,12.90662933,61884,,115.3958537
179,165,216.0023148,7.363698542,849,,65.83750555
179,180,276,9.409069525,16768,,84.1248
180,166,199.0025075,6.784160973,1185,,60.65596429
180,184,285.0070175,9.716126242,16772,,86.87013893
181,179,281.0027794,9.579618435,16767,,85.64964716
181,156,271.976,9.271888018,535,,82.8982848
182,170,16.37214539,0.558140052,251,,4.990229915
182,181,281.4026845,4.796625766,140354,,85.77153824
183,144,380.0052579,12.95469526,30246,,115.8256026
183,178,260.0076922,8.863878453,16832,,79.25034458
184,168,132,4.499989773,1464,,40.2336
184,185,281.4888597,9.596189317,16771,,85.79780444
185,162,243.9231542,8.315543176,1658,,74.3477774
185,186,279.5730175,9.530876663,16770,,85.21385573
186,146,379.0161939,12.92097724,1829,,115.5241359
186,187,281,9.579523683,16775,,85.6488
187,148,357,12.17042689,2032,,108.8136
187,188,278.0017986,9.477312504,16774,,84.73494821
188,149,357.0014006,12.17047463,2282,,108.8140269
188,189,272,9.272706198,16773,,82.9056
189,147,359.0125346,12.23903586,2493,,109.4270205
190,211,309.0760424,5.268329658,131243,,94.20637772
190,212,404.5217024,6.89524062,131189,,123.2982149
191,141,847.4699992,9.630319013,37627,,258.3088558
192,172,379.0015385,7.383130074,36372,,115.5196689
193,192,291.0017182,9.920490574,11379,,88.69732371
193,194,33,1.124997443,11380,,10.0584
193,173,381.2116286,12.99582144,14591,,116.1933044
195,194,247.0020243,8.420504418,11378,,75.28621701
195,174,379.5235748,12.93827428,40055,,115.6787856
196,195,274.0072992,9.341136697,11377,,83.5174248
196,175,379.2133599,12.9276988,37315,,115.5842321
197,196,272.0018419,9.27276899,11384,,82.90616141
197,176,378.0340673,12.88749573,19373,,115.2247837
198,177,378.0119125,12.88674046,54947,,115.2180309
198,197,279.0017885,9.511402991,11383,,85.03974513
199,178,378.0013228,12.88637944,61885,,115.2148032
199,198,271.001845,9.238678264,11382,,82.60136236
200,183,377.0003263,7.344145509,30247,,114.9096995
200,199,260.0019192,8.863681646,11381,,79.24858497
201,202,281.0007794,9.579550253,11318,,85.64903756
201,200,278.0028022,9.477346717,11385,,84.73525411
201,182,378.2318422,12.89423804,252,,115.2850655
202,203,280.0007857,9.545459636,11319,,85.34423948
202,181,380.0013132,12.95456078,536,,115.8244003
203,179,382.0052408,13.02287634,850,,116.4351974
203,204,278.0027986,9.477346595,11317,,84.73525301
204,180,383,13.05678851,1184,,116.7384
204,205,285.0070175,9.716126242,11322,,86.87013893
205,184,383,13.05678851,1465,,116.7384
205,206,277.0072201,9.443406496,11321,,84.43180069
206,185,379.1248477,12.92468134,1659,,115.5572536
206,208,284.0070422,9.682036252,11320,,86.56534646
207,189,392.4611835,13.37932812,2494,,119.6221687
208,209,281.0017794,9.579584344,11324,,85.64934236
208,186,381,12.98860684,1830,,116.1288
209,187,382,13.02269768,2033,,116.4336
209,210,276,9.409069525,11323,,84.1248
210,188,381.0052493,12.9887858,2283,,116.1304
210,207,249.008032,8.488890889,11325,,75.89764815
211,235,503.20342,13.72369845,137883,,153.3764024
211,236,571.4001477,9.739753109,131233,,174.162765
212,236,477.4707924,8.138688192,131216,,145.5330975
212,247,538.4166123,9.177535033,131182,,164.1093834
213,233,441.8755558,12.05112413,131475,,134.6836694
214,127,1095.908756,18.68022043,134889,,334.0329888
214,722,388.3145826,6.618983524,218269,,118.3582848
215,725,643.6743319,21.94339326,9144,,196.1919364
215,192,371.0053908,7.227361317,36356,,113.0824431
216,193,372.0215048,12.68252248,14581,,113.3921547
216,215,289.0069203,9.852486255,9145,,88.08930931
217,216,36,1.227269938,9147,,10.9728
218,195,380.4087991,12.96845231,40041,,115.948602
218,217,242.7479071,8.275478025,9146,,73.98956208
219,196,372.0053763,12.68197264,37306,,113.3872387
219,218,277.5061196,9.460414395,9143,,84.58386525
220,197,373.0204472,12.71657725,19344,,113.6966323
220,219,270.0074073,9.204777056,9150,,82.29825775
221,198,374.0203898,12.75066613,54917,,114.0014148
221,220,279.0071612,9.511586151,9149,,85.04138273
222,199,375.0013333,12.78410731,61858,,114.3004064
222,221,274.0073065,9.341136946,9151,,83.51742702
223,200,375.0023333,12.7841414,30229,,114.3007112
223,222,262.0019084,8.931862941,9148,,79.85818168
224,225,281.0027794,9.579618435,9023,,85.64964716
224,223,275.0018182,9.375040677,9152,,83.82055419
224,201,375.0053386,12.78424385,232,,114.3016272
225,202,375.005328,12.78424349,525,,114.301624
225,226,279.0017921,9.511403114,9024,,85.03974623
226,203,375.0119838,12.78447039,834,,114.3036527
226,227,281.0007794,9.579550253,9022,,85.64903756
227,204,375,12.78406185,1167,,114.3
227,228,284.0281676,9.682756435,9027,,86.57178548
228,205,377.0013263,12.85228873,1442,,114.9100043
228,229,276.028984,9.410057614,9026,,84.13363432
229,206,379.005277,12.92060508,1639,,115.5208084
229,230,285.0280688,9.716843898,9025,,86.87655537
230,208,381.0013123,12.98865158,1815,,116.1292
230,231,281,9.579523683,9029,,85.6488
231,233,276.0018116,9.409131284,9028,,84.12535218
231,209,380.0013158,12.95456087,2014,,115.8244011
232,721,365.589177,12.46323907,9021,,111.4315811
232,213,261.4318123,8.912427891,2479,,79.68441639
233,232,279.0017921,9.511403114,9030,,85.03974623
233,210,381.0013123,12.98865158,2267,,116.1292
234,214,206,3.511355656,134887,,62.7888
235,251,105.9163224,2.888620409,137885,,32.28329507
236,246,40.60788101,0.692178217,131231,,12.37728213
236,247,81.49233098,1.389070667,131239,,24.83886248
237,238,651.0282998,22.19409614,56146,,198.4334258
238,239,419.0584685,14.28605169,56150,,127.7290212
239,241,225.0045779,7.670593177,56149,,68.58139534
240,169,1158.060939,31.58340837,51928,,352.9769742
240,237,241.7847738,8.24264401,56147,,73.69599905
242,240,292.0068561,19.90951312,56148,,89.00368974
242,234,198,3.857134091,2607,,60.3504
243,191,643.28988,7.310095659,37572,,196.0747554
244,253,103.3150522,1.761048024,131171,,31.49042791
244,191,671.5103367,15.26156388,131002,,204.6763506
245,250,51.98327742,0.886076579,29541,,15.84450296
246,263,153.8830725,2.623000956,131229,,46.9035605
247,249,39.56008089,0.674318028,131238,,12.05791266
247,259,100.7173074,1.716768383,131184,,30.6986353
248,249,15.23154621,0.173085359,37620,,4.642575285
249,252,44.03700303,0.750629027,131240,,13.42247852
249,257,63.3245608,0.719595646,116548,,19.30132613
250,244,26.17250466,0.594828299,102113,,7.97737942
250,255,59.41088234,1.012683193,29533,,18.10843694
251,241,62.19566437,2.120301921,137884,,18.9572385
252,253,36.76955262,0.626752313,131234,,11.20735964
253,243,45.27692569,0.51450935,37617,,13.80040695
253,254,31.76476066,0.541443553,131176,,9.681899049
253,255,50.59644256,0.862437402,131236,,15.42179569
254,257,34,0.579544137,131175,,10.3632
255,256,63.95310782,1.090107315,131237,,19.49290726
255,258,52.42743055,0.893647353,29535,,15.97988083
256,250,48.38388161,1.099631174,131004,,14.74740711
257,259,48.87825694,0.833150213,131173,,14.89809272
257,266,81.21576202,0.922904289,116550,,24.75456426
258,253,51.7880295,0.706198797,37619,,15.78499139
258,261,35.38361205,0.60312838,29539,,10.78492495
259,285,125.3994418,2.137485627,131185,,38.22174986
259,263,73.53839814,1.253492574,131174,,22.41450375
260,216,349.9221446,11.92913691,14582,,106.6562697
261,266,44.6963528,0.761867918,29538,,13.62344833
263,287,300.0889341,5.11514066,131172,,91.46710711
263,286,161.1241757,2.746428571,131230,,49.11064875
264,262,248.0503981,8.456244353,6299,,75.60576134
264,215,389.1285135,7.580408359,36364,,118.6063709
265,218,380.5011372,12.9716002,40049,,115.9767466
265,267,187.0601542,6.377036218,6301,,57.015935
266,285,83.82241071,1.428787844,29537,,25.54907078
266,292,387.2428179,4.400476566,116549,,118.0316109
268,219,388.020618,13.22794555,37310,,118.2686844
268,265,276.8293638,9.437343226,6298,,84.37759009
269,268,273.0073259,9.307046776,6305,,83.21263293
269,220,388.0012887,13.2272866,19343,,118.2627928
270,221,387.0126277,13.19358232,54924,,117.9614489
270,269,277.0018051,9.443221894,6304,,84.43015019
271,222,387.0206713,13.19385654,61867,,117.9639006
271,270,273.0073259,9.307046776,6306,,83.21263293
272,223,387,13.19315183,30240,,117.9576
272,271,266.0018797,9.068225289,6303,,81.07737293
273,274,282.001773,9.613674958,6236,,85.95414041
273,272,273,9.30679703,6307,,83.2104
273,224,386.0051813,13.15923764,245,,117.6543793
274,275,278,9.477251188,6237,,84.7344
274,225,386.0012979,13.15910525,530,,117.6531956
275,276,282,9.613614515,6235,,85.9536
275,226,385.0052,13.12514744,842,,117.349585
276,227,384.0013021,13.09092373,1178,,117.0435969
276,277,285,9.715887009,6240,,86.868
277,228,380,12.95451601,1459,,115.824
277,278,274.0018248,9.340950071,6239,,83.5157562
278,229,377.005305,12.85242437,1653,,114.911217
278,279,287.0017422,9.784128066,6238,,87.47813102
279,230,374,12.74997102,1828,,113.9952
279,280,281,9.579523683,6242,,85.6488
280,281,275.0018182,9.375040677,6241,,83.82055419
280,231,374,12.74997102,2031,,113.9952
281,233,374.0013369,12.7500166,2281,,113.9956075
281,282,284.0017606,9.681856198,6243,,86.56373663
282,232,376.021276,12.818878,2492,,114.6112849
282,720,89.245,3.042436267,218266,,27.201876
283,242,178.001,3.467544067,2621,,54.2547048
283,284,286.0157338,9.750514219,6245,,87.17759566
284,240,183.1003332,6.242042627,2716,,55.80898156
285,292,325.2460607,5.543954344,131183,,99.1349993
285,286,97.09559359,1.655034766,29534,,29.59473693
286,287,145.7978052,2.485184213,29536,,44.43917102
286,313,252.2826053,4.300261908,131225,,76.8957381
287,311,126.574089,2.157507977,29530,,38.57978233
287,312,115.4123044,1.967250718,131168,,35.17767038
288,256,425.0537472,11.59234858,131005,,129.5563821
289,265,380.1669452,12.96020731,40050,,115.8748849
290,268,381.0209968,12.98932264,37311,,116.1351998
290,289,273.0063259,9.307012685,10048,,83.21232813
291,269,381.0052493,12.9887858,19350,,116.1304
291,290,275.0072726,9.375226622,10054,,83.82221669
292,314,17.02938827,0.193515336,116545,,5.190557545
293,270,382.0219418,13.02344569,54925,,116.4402879
293,291,275.0072799,9.375226871,10053,,83.82221891
294,272,379.0023193,12.92050425,30241,,115.5199069
294,297,269.0074274,9.17068691,10051,,81.99346387
295,296,285,9.715887009,9994,,86.868
295,275,378.0129045,12.88677427,838,,115.2183333
296,276,378.001,12.88636844,1179,,115.2147048
296,298,285.0070104,9.716126,10000,,86.87013677
297,271,382.0209418,13.0234116,61865,,116.4399831
297,293,273.0073186,9.307046527,10052,,83.21263071
298,277,380,12.95451601,1456,,115.824
298,300,274.0072992,9.341136697,9999,,83.5174248
299,273,383.0013055,13.05683301,242,,116.7387979
299,294,273.0292878,9.307795475,10050,,83.21932692
300,278,381,12.98860684,1651,,116.1288
300,301,286.0069859,9.750215996,9998,,87.1749293
301,279,382.0003089,13.02270821,1827,,116.4336942
301,302,280.0017893,9.54549385,9997,,85.34454538
302,303,277.0018051,9.443221894,9996,,84.43015019
302,280,383.0052219,13.05696653,2029,,116.7399916
303,304,283.5034972,9.664869984,9995,,86.41186595
303,281,383,13.05678851,2278,,116.7384
304,305,280.1212687,9.549567002,9993,,85.3809627
304,282,385.650468,13.14714517,2489,,117.5462626
305,283,384.043657,13.09236764,2612,,117.0565067
305,306,277.3990026,9.456762687,10007,,84.55121599
306,284,381.0632992,12.99076477,2714,,116.1480936
306,307,266.999,9.10221795,10005,,81.3812952
307,308,742.0016739,25.29545412,10004,,226.1621102
308,309,316.0015823,10.77275673,10003,,96.31728229
309,310,241.0030747,8.215995238,10006,,73.45773717
309,239,567.0008818,19.32953159,3057,,172.8218688
310,311,36.999,1.261326679,10008,,11.2772952
310,251,535.9335699,18.27042109,3155,,163.3525521
311,312,73,2.488630708,10002,,22.2504
312,313,85,2.897720687,10017,,25.908
312,343,384.0885316,6.546948727,138224,,117.0701844
313,314,82.00609734,2.795656056,10016,,24.99545847
313,343,384.7193769,6.557701748,138225,,117.2624661
314,315,35.999,1.227235847,10018,,10.9724952
314,344,383.0326234,4.352633555,116547,,116.7483436
315,316,42.001,1.431849019,10015,,12.8019048
316,317,110.001,3.750025568,10019,,33.5283048
316,258,467.0290483,5.307136214,37614,,142.3504539
317,318,68.00635265,2.318393117,10020,,20.72833629
318,288,84.09518421,1.433437382,131055,,25.63221215
318,319,67,2.284085718,10014,,20.4216
319,288,109.9863628,2.999621259,131003,,33.52384338
320,316,8,0.090908884,37618,,2.4384
321,290,384.0208328,13.09158955,37308,,117.0495498
322,321,277,18.88632071,14392,,84.4296
322,291,382.0052356,13.02287616,19348,,116.4351958
323,293,380.010842,12.95488563,54922,,115.8273046
323,322,274,9.340887862,14391,,83.5152
324,323,271,9.238615367,14393,,82.6008
324,297,378.0330673,12.88746164,61864,,115.2244789
325,294,380.0042631,10.36372908,30238,,115.8252994
325,324,272,9.272706198,14390,,82.9056
326,327,283,9.647705346,14332,,86.2584
326,325,274,9.340887862,14394,,83.5152
326,299,376.0013298,12.81819802,243,,114.6052053
327,328,274.0018248,18.68190014,14333,,83.5157562
328,329,287,19.56813735,14331,,87.4776
328,295,381.0042493,12.98875171,837,,116.1300952
329,330,284.0070422,19.3640725,14336,,86.56534646
329,296,380.999,12.98857275,1176,,116.1284952
330,331,275.0072726,18.75045324,14335,,83.82221669
330,298,381.0013123,12.98865158,1457,,116.1292
331,332,284.0158446,9.682336333,14334,,86.56802943
331,300,381,12.98860684,1650,,116.1288
332,301,382.0062356,13.02291025,1826,,116.4355006
332,333,281.0071174,9.579766321,14338,,85.65096938
333,302,383.0013055,13.05683301,2028,,116.7387979
333,334,277.0072201,9.443406496,14337,,84.43180069
334,303,384.0013021,13.09092373,2279,,117.0435969
334,338,283.0159006,9.648247411,14339,,86.2632465
335,309,378.0013228,12.88637944,3056,,115.2148032
335,340,278.0161866,9.477803003,14347,,84.73933368
336,335,285.0007544,9.715912727,14346,,86.86822994
337,336,478.002046,16.29548726,14342,,145.6950236
338,304,383.3528569,13.06881769,2490,,116.8459508
338,342,279.0071684,9.511586396,14330,,85.04138493
339,337,277.0018051,9.443221894,14345,,84.43015019
340,311,380.0013158,12.95456087,3154,,115.8244011
340,343,114.0175425,3.886952842,14341,,34.75254695
340,353,196.4917301,3.827752277,131179,,59.89067933
341,306,384.0013021,13.09092373,2713,,117.0435969
341,339,283.0017668,9.647765578,14343,,86.25893852
342,305,384.9707867,13.12397426,2619,,117.3390958
342,341,281.0017794,9.579584344,14344,,85.64934236
343,344,132.0141508,4.500472185,14351,,40.23791316
343,353,171.0584695,2.91576274,131226,,52.1386215
343,361,354.3137885,6.039425851,138227,,107.9948427
344,345,31,1.05681578,14352,,9.4488
344,383,380.021042,4.318411117,116546,,115.8304136
345,346,40.001,1.363667355,14350,,12.1923048
346,320,375.0053333,4.261414557,37616,,114.3016256
346,347,44.01136219,1.500383937,14354,,13.4146632
347,320,378.3384797,6.448936702,131342,,115.3175686
347,348,65,2.215904055,14353,,19.812
348,317,384.0117271,14.5458657,131062,,117.0467744
348,349,69.007246,2.352514403,14355,,21.03340858
349,318,384.0052083,6.545528447,131057,,117.0447875
349,350,68.00735254,2.318427204,14349,,20.72864105
350,319,385.0012987,13.12501444,3330,,117.3483958
351,337,138,4.704534762,2864,,42.0624
352,351,278.0018006,18.95462514,104683,,84.73494882
352,339,138.0036231,4.704658277,2821,,42.06350432
353,361,195.5239183,3.808898843,138226,,59.5956903
353,381,211.4629471,3.604473861,131227,,64.45390628
354,724,815.2639113,15.88172841,218305,,248.4924402
355,709,370.1939182,7.211553445,211063,,112.8351063
355,354,582.0305377,15.87352404,218253,,177.4029079
356,355,318.0062893,8.672879088,13423,,96.92831698
357,356,276.0072463,7.527453246,13424,,84.12700867
357,289,746.033235,25.43289339,205236,,227.39093
358,357,273.0073259,7.445637421,13420,,83.21263293
358,321,362.0124307,12.34130482,37309,,110.3413889
358,708,67.64445909,4.612111729,209908,,20.61803113
359,358,279.0071755,7.609269311,13421,,85.04138709
359,322,364.0023736,12.40914362,19349,,110.9479235
360,323,366.0218573,12.4779895,54923,,111.5634621
360,359,271.0073726,7.391093364,13427,,82.60304717
361,382,32.21554012,0.549127277,131181,,9.819296629
362,324,368.0217385,12.54616712,61866,,112.1730259
362,360,271.00738,7.391093566,13428,,82.60304942
363,325,370.0013514,10.09092301,30239,,112.7764119
363,362,275.0072726,7.500181298,13426,,83.82221669
364,326,374.0013369,12.7500166,244,,113.9956075
364,365,284.0440107,9.683296539,13149,,86.57661446
364,363,274.0291955,9.34188316,13429,,83.52409879
365,327,379,12.92042518,529,,115.5192
365,366,281.0454803,9.581074144,13151,,85.6626624
366,328,383.0639816,13.05896969,841,,116.7579016
366,367,279.0447993,9.512869265,13150,,85.05285483
366,391,503.0691167,17.15004455,552,,153.3354668
367,329,388.0012861,13.22728651,1177,,118.262792
367,368,284.0007606,9.681822107,13154,,86.56343183
368,330,387.001292,13.19319588,1458,,117.9579938
368,369,276,9.409069525,13153,,84.1248
369,331,385,13.12497017,1652,,117.348
369,370,283.0017668,9.647765578,13152,,86.25893852
370,332,383.0013055,13.05683301,1825,,116.7387979
370,371,280.0017857,9.545493727,13155,,85.34454428
371,372,279.0017921,9.511403114,13148,,85.03974623
371,333,382.0052356,13.02287616,2030,,116.4351958
372,373,282.001773,9.613674958,13156,,85.95414041
372,334,381,12.98860684,2280,,116.1288
373,338,379.0013193,12.92047016,2491,,115.5196021
373,374,279,9.51134202,13147,,85.0392
374,342,377.0013263,12.85228873,2620,,114.9100043
374,375,281.0017829,9.579584463,13163,,85.64934343
375,341,379.0023193,12.92050425,2715,,115.5199069
375,376,282,9.613614515,13162,,85.9536
376,352,242.0030661,8.250085776,2820,,73.76253455
376,377,278.001795,9.477312381,13164,,84.73494712
377,351,244.0020492,8.318232772,2863,,74.3718246
377,378,479.0020438,16.32957802,13161,,145.999823
378,379,283.0007633,9.647731368,13160,,86.25863265
378,336,384,13.09087934,2991,,117.0432
379,335,386.0041813,13.15920355,3058,,117.6540745
379,380,280,9.545432851,13165,,85.344
380,340,382.999,13.05675442,3156,,116.7380952
380,381,81,2.761357361,13159,,24.6888
381,382,97,3.306810666,13170,,29.5656
381,419,605.4600177,10.32031776,214492,,184.5442134
382,383,64.00782767,2.182080075,13171,,19.50958587
382,418,505.8182557,8.621882491,214493,,154.1734043
383,384,34.999,1.193145016,13172,,10.6676952
383,418,500.087,5.682793903,214494,,152.4265176
384,385,38.001,1.295485692,13169,,11.5827048
385,346,380.0052639,4.318231821,37615,,115.8256044
385,386,70.00714251,2.386601707,13174,,21.33817704
386,347,380.7571409,6.490163788,131341,,116.0547765
386,387,61,2.079540728,13173,,18.5928
387,348,380.5259537,8.648297474,131061,,115.9843107
387,388,58,1.977268233,13175,,17.6784
388,349,379.1068468,6.462033839,131056,,115.5517669
388,389,58,1.977268233,13168,,17.6784
389,350,378.0013228,12.88637944,3331,,115.2148032
390,387,296.9175377,6.74811052,131059,,90.50046549
390,386,305.2708714,5.203468936,131336,,93.0465616
391,365,494.0092995,16.84118784,553,,150.5740345
392,355,404.0012376,7.870136093,36358,,123.1395772
393,389,362.0497203,12.34257605,3326,,110.3527547
394,392,315.0253958,10.73947772,25478,,96.01974064
394,356,406.019704,13.84154936,14583,,123.7548058
395,400,279.0644872,19.02708088,25482,,85.0588557
395,363,394.001269,13.43183092,30230,,120.0915868
396,394,39.94304067,2.723382947,25480,,12.1746388
398,395,273.0073259,9.307046776,25425,,83.21263293
398,364,392,13.36360599,236,,119.4816
399,397,204.0370314,6.95579208,25479,,62.19048717
399,357,407.0317113,13.87604953,40043,,124.0632656
400,408,271.0073874,18.47773442,25483,,82.60305168
400,362,402.0101939,13.70486183,61859,,122.5327071
401,402,283,9.647705346,25431,,86.2584
401,372,377.0003263,12.85225464,2273,,114.9096995
402,403,279,9.51134202,25424,,85.0392
402,373,375.999,12.8181186,2484,,114.6044952
403,407,280.0017893,9.54549385,25436,,85.34454538
403,374,375.999,12.8181186,2608,,114.6044952
404,405,282,9.613614515,25426,,85.9536
404,369,381.0013123,12.98865158,1644,,116.1292
405,406,280,9.545432851,25430,,85.344
405,370,380.0052631,12.95469544,1820,,115.8256042
406,401,280.0017893,9.54549385,25429,,85.34454538
406,371,379.005277,12.92060508,2023,,115.5208084
407,411,281.0017794,9.579584344,25435,,85.64934236
407,375,376.0003298,12.81816393,2709,,114.6049005
408,360,406.0116881,13.84127609,54918,,123.7523625
409,410,283.999,9.681762087,25428,,86.5628952
409,367,383.0052271,13.0569667,1170,,116.7399932
410,404,277.002805,9.443255981,25427,,84.43045496
410,368,382.0052408,13.02287634,1450,,116.4351974
411,412,279.0017921,9.511403114,25437,,85.03974623
411,376,377.004305,12.85239028,2816,,114.9109122
412,413,479.0041754,16.32965068,25434,,146.0004727
412,377,377.0013263,12.85228873,2859,,114.9100043
413,414,283.0007668,9.647731487,25438,,86.25863372
413,378,378.0013254,12.88637953,2983,,115.214804
414,415,280.115262,9.549362229,25439,,85.37913186
414,379,378.0023254,12.88641362,3050,,115.2151088
415,417,67.19295466,2.290663703,25433,,20.48041258
415,380,386.0022953,13.15913925,3152,,117.6534996
416,390,101.2422837,1.725716823,131339,,30.85864807
416,388,394.0761861,6.717192451,131050,,120.1144215
417,454,370.2885475,10.09875562,131167,,112.8639493
418,419,66.913,0.760373272,116543,,20.3950824
419,426,53.41348144,0.910455001,131223,,16.28042914
419,455,191,2.170449613,116544,,58.2168
420,413,194,6.613621333,2989,,59.1312
420,421,283.0007668,19.29546297,104680,,86.25863372
421,414,194,6.613621333,3054,,59.1312
422,416,263.2867344,4.487831864,131338,,80.24979665
423,415,222.2790693,7.577678322,164613,,67.75066032
424,425,235.0867928,16.02860853,131812,,71.65445445
424,398,240.0020833,8.181870608,235,,73.15263499
426,427,53.4128637,0.910444471,131221,,16.28024086
427,458,180.0008,3.068188481,131220,,54.86424384
427,385,651.2099282,7.400096002,37609,,198.4887861
428,422,202.2334641,5.515445577,131340,,61.64075986
428,459,301.1808763,8.214005231,28396,,91.7999311
429,392,369.001355,7.188321747,36357,,112.471613
430,432,112.9695736,7.702453422,136051,,34.43312603
432,429,317.1657141,10.81244295,136052,,96.67210966
433,431,132.8116056,4.527658083,28466,,40.48097739
433,399,372.0215048,12.68252248,40042,,113.3921547
434,424,134.0037313,4.568298639,241,,40.8443373
434,445,273.8513518,9.335820321,28470,,83.46989203
435,416,351.4995145,5.99145538,131054,,107.137052
435,390,447.010067,7.619472461,131060,,136.2486684
436,409,372.0053763,12.68197264,1171,,113.3872387
436,437,285.0017544,9.715946818,28384,,86.86853474
437,410,373.0013378,12.7159258,1451,,113.6908078
437,438,278.0017986,9.477312504,28383,,84.73494821
438,404,375,12.78406185,1645,,114.3
438,439,281.0007794,9.579550253,28382,,85.64903756
439,405,376.0013325,12.81819811,1819,,114.6052061
439,441,280.0027857,9.545527818,28387,,85.34484908
440,408,376.0119679,12.81856068,54921,,114.6084478
441,406,377.0013263,12.85228873,2022,,114.9100043
441,443,280.0017857,9.545493727,28386,,85.34454428
442,440,272.0018382,9.272768864,28469,,82.90616028
442,400,379.006277,12.92063917,61863,,115.5211132
443,401,379.0023193,12.92050425,2274,,115.5199069
443,444,283.0017668,9.647765578,28385,,86.25893852
444,402,380.0023158,12.95459496,2485,,115.8247059
444,446,279.0017921,9.511403114,28381,,85.03974623
445,395,387,13.19315183,30236,,117.9576
445,442,281.0071174,7.663813057,28468,,85.65096938
446,403,381.0023123,12.98868567,2609,,116.1295048
446,447,280.0017857,9.545493727,28393,,85.34454428
447,407,381.0013123,12.98865158,2708,,116.1292
447,448,280,9.545432851,28391,,85.344
448,411,380.0052631,12.95469544,2815,,115.8256042
448,449,280.0017857,9.545493727,28392,,85.34454428
449,412,380.0013158,12.95456087,2858,,115.8244011
449,450,480.0010417,16.36363469,28390,,146.3043175
450,420,185,6.306803848,2990,,56.388
450,451,282.001773,9.613674958,28395,,85.95414041
451,421,185.0026973,6.306895801,3055,,56.38882214
451,452,282,9.613614515,28394,,85.9536
452,453,20,0.389609504,139866,,6.096
453,454,143.0034965,2.785776068,28389,,43.58746573
453,423,155.9412786,10.63233574,3153,,47.53090172
454,455,79.00632886,1.539080831,28400,,24.08112904
454,477,349.8263554,7.950580917,131166,,106.6270731
455,456,36,0.701297107,28397,,10.9728
455,475,337.0370908,3.829958236,116542,,102.7289053
457,427,107.0187087,1.216118926,37613,,32.61930241
457,456,32,0.545453306,28398,,9.7536
458,435,15.13274595,0.257943947,131052,,4.612460966
458,457,142.1381424,2.422803739,28399,,43.3237058
458,461,8.07768723,0.137687538,131224,,2.462079068
459,460,280.104016,9.548978843,28401,,85.37570408
461,468,409.843443,7.98394503,131219,,124.9202814
461,466,866.4674002,14.76929712,131348,,264.0992636
462,422,826.2241856,14.08333479,131337,,251.8331318
463,458,965.6486003,16.45988191,15520,,294.3296934
464,465,235,16.02269086,104681,,71.628
465,450,197,6.715893828,2987,,60.0456
466,467,114.5215653,1.301378466,116819,,34.9061731
468,506,367.484193,7.158766711,131218,,112.009182
468,466,504.9471367,8.607033905,137672,,153.9078873
469,468,16.03121954,0.273258803,131349,,4.886315716
470,489,301.7939831,20.57681572,77402,,91.98680605
471,469,379.2680641,6.464781854,116820,,115.6009059
471,458,314.0089639,5.352413356,131053,,95.7099322
472,471,76.29566174,1.300491279,29464,,23.2549177
472,457,323.0567226,3.671090777,37612,,98.46768905
473,472,39.81283717,0.678626364,30599,,12.13495277
474,489,99.00189981,3.375057096,30627,,30.17577906
475,473,30.5931365,0.595968837,30601,,9.324788005
475,512,399.0450082,4.53459206,138234,,121.6289185
476,474,184.9049606,6.303563876,30626,,56.35903199
476,718,371.3215064,7.233519399,218004,,113.1787952
477,475,51.97114584,1.012422618,30600,,15.84080525
477,512,392.2569879,8.914911282,138235,,119.5599299
478,429,387.001292,7.538969074,36361,,117.9579938
479,478,294.0078026,10.02297049,30628,,89.61357823
480,479,290.0007241,9.886365853,30625,,88.39222071
480,433,380.0200521,12.95519961,40046,,115.8301119
481,480,273.0018315,9.306859467,30623,,83.21095824
482,481,279.0071684,9.511586396,30631,,85.04138493
483,482,275.0018182,9.375040677,30630,,83.82055419
483,440,375.0119998,12.78447094,54920,,114.3036575
484,483,272.0018382,9.272768864,30632,,82.90616028
484,442,375.0119998,12.78447094,61862,,114.3036575
485,445,375.001336,12.7841074,30235,,114.3004072
485,484,285.0080174,9.716160329,30629,,86.8704437
486,434,387.001292,13.19319588,240,,117.9579938
486,487,284.0070422,9.682036252,30582,,86.56534646
486,485,269.0008587,9.170462977,30633,,81.99146173
487,490,281.0017794,9.579584344,30583,,85.64934236
488,443,380,12.95451601,2277,,115.824
488,493,282.001773,9.613674958,30589,,85.95414041
489,703,212.2672746,14.47273583,189110,,64.6990653
490,498,276.0076627,5.37676043,30581,,84.12713559
491,439,383.0052167,13.05696635,1824,,116.7399901
491,492,280,9.545432851,30588,,85.344
492,441,382.0052356,13.02287616,2027,,116.4351958
492,488,282.001773,9.613674958,30587,,85.95414041
493,444,380.0013158,12.95456087,2488,,115.8244011
493,496,280.0017857,9.545493727,30580,,85.34454428
494,437,385.0030865,13.12507539,1455,,117.3489408
494,495,277.7437894,9.468516756,30585,,84.65630701
495,438,385,13.12497017,1649,,117.348
495,491,279.0017921,9.511403114,30584,,85.03974623
496,497,279,9.51134202,30595,,85.0392
496,446,380,12.95451601,2611,,115.824
497,447,379.0013193,12.92047016,2712,,115.5196021
497,499,280.0017857,9.545493727,30594,,85.34454428
498,436,388.0051546,13.22741839,1175,,118.2639711
498,494,287.2649414,9.793100745,30586,,87.55835414
499,448,380.0013158,12.95456087,2819,,115.8244011
499,500,280.0017857,9.545493727,30596,,85.34454428
500,449,380.0013158,12.95456087,2861,,115.8244011
500,501,481.0010395,16.39772544,30593,,146.6091168
501,465,183,6.238622185,2988,,55.7784
501,503,281.0017794,9.579584344,30597,,85.64934236
503,451,380.0013158,12.95456087,3053,,115.8244011
503,504,283.0070671,9.647946269,30592,,86.26055405
504,477,198.8721214,3.87412343,30591,,60.6162226
504,452,382,13.02269768,3151,,116.4336
505,506,286.0059929,9.750182144,30598,,87.17462664
506,502,279.8103893,9.538968865,30604,,85.28620666
507,505,303.284763,10.33922979,30602,,92.44119576
508,481,136.7646391,4.662420282,37307,,41.685862
510,507,246.0020325,8.386413866,3327,,74.98141951
510,469,590.3620427,13.41728866,131347,,179.9423506
511,471,434.7128377,7.409861075,131051,,132.5004729
511,472,413.0900279,4.694194194,37610,,125.9098405
512,538,45.95611823,0.522227429,138230,,14.00742484
513,476,336.5907002,6.55694679,33842,,102.5928454
514,478,379.005277,7.383202902,36360,,115.5208084
514,719,287.4199827,5.599077847,218007,,87.60561073
515,514,296.4125308,5.774256957,159688,,90.34653939
516,542,180.9880422,6.17003287,44851,,55.16515526
516,482,386.0466293,13.16065063,19345,,117.6670126
517,483,388.1043674,13.23080064,54919,,118.2942112
517,516,272.0165436,9.273270183,44850,,82.91064249
518,484,390.0061282,13.29563324,61860,,118.8738679
518,517,279.0161393,9.511892222,44849,,85.04411926
519,485,393.0458141,13.39925866,30233,,119.8003641
519,518,281.0444627,9.581039453,44848,,85.66235223
520,486,393.062336,13.39982191,237,,119.8054
520,522,280.0017857,9.545493727,5901,,85.34454428
520,519,282.0017731,9.613674961,44853,,85.95414044
521,495,389.011568,13.26172786,1646,,118.5707259
521,527,277.0072201,9.443406496,5902,,84.43180069
522,487,392.0114794,13.36399733,526,,119.4850989
522,523,280,9.545432851,5900,,85.344
523,490,391.0051151,13.32968954,839,,119.1783591
523,524,280.001,9.545466942,5899,,85.3443048
524,498,389.0462852,13.2629114,1172,,118.5813077
524,526,281.9997731,9.613606779,5904,,85.95353084
525,480,403.0198506,13.73928186,40044,,122.8404505
525,515,283.5496485,5.523681897,33782,,86.42593286
526,494,391.9977004,13.3635276,1452,,119.4808991
526,521,280.0081427,9.545710443,5903,,85.34648189
527,491,392.0012755,13.36364947,1823,,119.4819888
527,528,282,9.613614515,5906,,85.9536
528,492,392.0114794,13.36399733,2024,,119.4850989
528,529,281.0017794,9.579584344,5905,,85.64934236
529,488,394.0050761,13.4319607,2275,,120.0927472
529,530,281,9.579523683,5898,,85.6488
530,493,393.0012723,13.3977402,2486,,119.7867878
530,533,281.0160138,9.580069607,5897,,85.65368101
531,499,391.0115088,13.3299075,2817,,119.1803079
531,532,280.0071428,9.545676355,5914,,85.34617713
532,500,392.0114794,13.36399733,2860,,119.4850989
532,535,480.1041554,16.36714992,5912,,146.3357466
533,496,395.0050633,13.4660511,2618,,120.3975433
533,534,279.4404783,9.526358291,5913,,85.17345779
534,531,280.5820431,9.565275185,5911,,85.52140674
534,497,395.5245264,13.48376003,2710,,120.5558756
535,501,401.0049875,13.6705935,2984,,122.2263202
535,536,278.001,9.477285279,5910,,84.7347048
536,503,400.0012475,13.63637517,3051,,121.9203802
536,537,279.0071684,5.435192227,5915,,85.04138493
537,504,400.0312363,13.63739752,3150,,121.9295208
537,538,251.0059681,4.889715538,5909,,76.50661908
538,539,30.001,0.584433737,5920,,9.1443048
538,565,392.1836003,4.456621693,116541,,119.5375614
539,540,33,0.642855682,5919,,10.0584
540,511,45.962346,0.522298199,138232,,14.00932306
540,541,250.0079999,4.870274644,5918,,76.20243837
541,510,100.0049999,3.409253612,3329,,30.48152397
542,543,126.7222044,4.320065332,44852,,38.6249279
543,525,328.5508025,6.400325762,33778,,100.1422846
544,545,241.001,16.43184902,104682,,73.4571048
545,535,204.0024461,6.954613038,2985,,62.17994557
546,518,386.0041813,13.15920355,61861,,117.6540745
547,519,384,13.09087934,30234,,117.0432
547,546,279.0161286,9.511891857,38211,,85.044116
548,522,387.8596227,13.22245709,527,,118.219613
548,551,280.6963144,9.569170788,38174,,85.55623663
549,520,388.1902471,13.23372835,239,,118.3203873
549,547,281.0639037,9.581702213,38212,,85.66827785
549,548,280.2898008,9.555312402,38175,,85.43233128
550,521,386.0051813,13.15923764,1647,,117.6543793
550,557,283.1766233,9.653726581,38176,,86.31223478
551,523,387,13.19315183,840,,117.9576
551,553,277.016245,9.443714162,38173,,84.43455148
552,550,281.0150138,9.580035516,38177,,85.65337621
552,526,387.0116122,13.1935477,1453,,117.9611394
553,524,390.011546,13.29581794,1173,,118.8755192
553,552,282.0080921,9.613890381,38178,,85.95606647
554,555,281.793071,9.606560133,38179,,85.89052804
554,713,203.6434198,6.942373533,214927,,62.07051436
555,558,278.0287899,9.47823266,38171,,84.74317516
555,714,200.829,6.846427622,214929,,61.2126792
556,533,388.0051546,13.22741839,2610,,118.2639711
556,559,279.0161393,9.511892222,38189,,85.04411926
557,527,394.0203041,13.43247984,1822,,120.0973887
557,554,277.2254695,9.450846799,38180,,84.4983231
558,530,394.0124211,13.4322111,2487,,120.094986
558,556,282.0159676,9.614158863,38172,,85.95846692
559,560,283.0017633,9.647765458,38187,,86.25893745
559,534,390.4916233,13.31218418,2711,,119.0218468
560,561,280.0017857,9.545493727,38190,,85.34454428
560,531,395,13.46587849,2818,,120.396
561,562,478.1378673,16.30011752,38188,,145.736422
561,532,394,13.43178766,2862,,120.0912
562,563,280.0027857,9.545527818,38186,,85.34484908
562,545,189.0026508,6.443257543,2986,,57.60800796
563,564,275.999,9.409035434,38191,,84.1244952
563,536,394,13.43178766,3052,,120.0912
564,565,242.0082643,8.250262987,38185,,73.76411896
564,537,392.0114871,13.3639976,3149,,119.4851013
565,566,39,1.329542433,38196,,11.8872
565,589,375.0479969,4.26189937,116531,,114.3146295
566,567,31,1.05681578,38195,,9.4488
567,568,255.007843,8.693429435,38194,,77.72639055
567,540,392.0318865,4.454897676,37611,,119.491319
568,541,392,13.36360599,3328,,119.4816
569,571,154.4173527,10.52843194,104553,,47.0664091
569,525,449.0400873,15.30815,40045,,136.8674186
570,701,371.0037847,7.227330029,189015,,113.0819536
571,600,511.7829105,34.89421005,104544,,155.9914311
571,702,345.514101,23.55772607,189016,,105.312698
572,547,319.2851963,10.88469786,30231,,97.31812783
573,551,379.021097,12.9211444,835,,115.5256304
573,576,274.0028248,9.340984161,38428,,83.516061
574,575,190.4122711,6.491312671,38435,,58.03766023
575,548,380.0720538,12.95697239,528,,115.845962
575,573,285.5955214,9.736188829,38437,,87.04951492
576,553,377.0013263,12.85228873,1174,,114.9100043
576,578,282.015957,9.614158502,38429,,85.95846369
577,557,373.109563,12.71961528,1821,,113.7237948
577,580,286.0069859,9.750215996,38430,,87.1749293
578,552,382.0013063,13.02274221,1454,,116.4339982
578,579,280,9.545432851,38432,,85.344
579,550,385,13.12497017,1648,,117.348
579,577,274.0072919,9.341136449,38431,,83.51742257
580,554,378.2000567,12.89315445,2026,,115.2753773
580,582,284.0158446,9.682336333,38433,,86.56802943
581,570,540.5593436,10.53035289,33775,,164.7624879
581,572,98.24067463,3.349106296,30232,,29.94375763
582,555,381.0052493,12.9887858,2270,,116.1304
582,585,278.0071942,9.477496444,38434,,84.73659279
583,584,279.0017921,9.511403114,38445,,85.03974623
583,560,376.0053191,12.81833402,2809,,114.6064213
584,561,376.0013298,12.81819802,2854,,114.6052053
584,588,476.0514678,16.22899043,38446,,145.1004874
585,586,281,9.579523683,38427,,85.6488
585,558,379.004277,12.92057099,2481,,115.5205036
586,587,278.0161866,9.477803003,38442,,84.73933368
586,556,382.0013089,13.0227423,2614,,116.433999
587,583,285.0438563,9.717382107,38441,,86.8813674
587,559,381.999,13.02266358,2704,,116.4332952
588,562,374.0013369,12.7500166,2978,,113.9956075
588,590,276.0452861,9.410613366,38447,,84.1386032
589,591,32.01562119,1.091439151,38456,,9.758361339
589,596,26.78982309,0.304429116,138238,,8.165538078
590,563,378.0330806,12.88746209,3046,,115.224483
590,592,277.0072201,9.443406496,38448,,84.43180069
591,593,33.06154868,1.127095689,38455,,10.07716004
592,589,252.0178565,8.591498309,38440,,76.81504266
592,564,380.0210521,12.9552337,3143,,115.8304167
593,567,378.0013259,4.29545985,37601,,115.2148041
593,594,245.0173668,8.352845794,38439,,74.6812934
594,568,379.1068451,12.92406762,3320,,115.5517664
595,593,23.52873478,0.267371378,138132,,7.171558361
596,644,1048.879289,11.91905574,138292,,319.6984073
596,618,497.3457056,8.477464351,131215,,151.5909711
597,592,129,4.397717278,3142,,39.3192
597,618,401.4765043,7.820953088,131163,,122.3700385
598,594,166.0110478,5.659454676,3319,,50.60016737
599,586,293.8640579,10.01807011,168056,,89.56976485
600,615,94.20175158,6.422832101,104551,,28.71269388
601,604,279.0017921,9.511403114,39522,,85.03974623
601,576,384.0208328,13.09158955,1168,,117.0495498
602,577,383.045979,13.05835597,1816,,116.7524144
603,573,386,13.159061,836,,117.6528
603,601,278.0027986,9.477346595,39519,,84.73525301
604,605,276,9.409069525,39521,,84.1248
604,578,382.0013089,13.0227423,1443,,116.433999
605,579,382.0117799,13.02309926,1640,,116.4371905
605,602,283.0007668,9.647731487,39520,,86.25863372
606,608,287.0017422,9.784128066,39529,,87.47813102
606,587,375.0013333,12.78410731,2703,,114.3004064
607,624,421.3250065,14.36331985,162992,,128.419862
607,585,378.8102698,12.91395712,2480,,115.4613702
607,609,281.3676123,9.592055892,39518,,85.76084823
608,610,279.0161286,9.511891857,39530,,85.044116
608,583,381.0013123,12.98865158,2808,,116.1292
609,599,85.5242949,2.915594336,2613,,26.06780509
610,611,478.1434561,16.30030805,39528,,145.7381254
610,584,383.0013055,13.05683301,2853,,116.7387979
611,588,384.0052135,13.09105707,2977,,117.0447891
611,612,277.0008051,9.443187803,39532,,84.42984539
612,590,380.0118419,12.95491971,3045,,115.8276094
612,613,273.0073259,9.307046776,39533,,83.21263293
613,597,251.001992,8.556866643,3145,,76.50540716
614,598,218.1866999,7.438166046,3325,,66.50330613
615,616,90.69520209,6.183749725,104552,,27.6438976
616,619,90.45002494,6.167033139,104547,,27.5691676
617,598,321.8997127,7.315885934,131046,,98.11503243
617,595,466.322387,7.948658986,138237,,142.1350636
618,644,583.1638269,9.940269912,131164,,177.7483344
618,640,514.2589621,10.01800896,131214,,156.7461316
619,615,160.2348338,10.92507747,104548,,48.83957734
619,621,141.2862394,9.633130793,104549,,43.06404577
620,606,223.20523,7.609251911,168057,,68.0329541
620,599,277.6118645,9.464019326,168058,,84.6160963
621,630,102.433117,6.984060286,104550,,31.22161406
622,637,431.8902379,8.413427071,160094,,131.6401445
623,622,53.92157045,3.676462357,160095,,16.43529467
624,729,113.3880502,3.865492926,220127,,34.5606777
625,628,313.0399336,10.67179166,40382,,95.41457176
625,604,385.7415041,13.15024866,1449,,117.5740104
626,602,382.0013063,13.02274221,1817,,116.4339982
627,608,379.0474904,25.84408834,2814,,115.5336751
627,631,283.0282671,19.29733799,40390,,86.26701581
628,605,382.0117799,13.02309926,1642,,116.4371905
628,626,285.0017544,9.715946818,40381,,86.86853474
629,627,280.016071,19.09196145,40388,,85.34889844
629,606,383.0013055,13.05683301,2706,,116.7387979
630,636,295.4102319,20.14156094,104545,,90.04103868
631,610,380.0052631,12.95469544,2857,,115.8256042
631,632,234.5252495,7.995160789,40387,,71.48329605
633,613,381.0209968,12.98932264,3148,,116.1351998
634,614,384.0468723,13.09247725,3323,,117.0574867
635,625,41.69438694,1.421396324,1448,,12.70844914
636,621,341.8407028,23.30726767,104546,,104.1930462
637,635,154.3923813,3.007636956,1447,,47.05879782
637,662,570.0002605,11.10387594,33797,,173.7360794
638,629,212.0094338,7.227577908,2707,,64.62047542
639,628,224.0022321,7.636422375,1643,,68.27588034
640,633,236.0084744,8.04572516,3144,,71.935383
641,634,228.054818,7.774578399,3324,,69.51110853
641,617,541.959088,10.55762058,131000,,165.18913
642,648,431.1249897,14.69740943,29871,,131.4068969
642,728,419.9461656,14.31631402,220126,,127.9995913
643,637,201.7380896,13.75483848,1445,,61.48976971
644,655,71.36619715,0.81097767,116537,,21.75241689
645,617,632.5636485,10.78231041,131045,,192.8054001
645,595,1049.338019,11.92426857,138318,,319.8382282
646,662,333.9226595,11.38370116,163925,,101.7796266
647,651,132.0905066,4.503075218,29885,,40.26118641
647,666,260.0727664,8.866096886,48839,,79.2701792
647,638,226.1727624,7.710417558,48838,,68.93745798
648,649,287.7962941,5.606408572,29884,,87.72031044
648,717,209.1205504,14.25818694,216956,,63.73994376
649,647,147.0296093,2.864206659,29883,,44.81462491
649,638,169.0029586,11.52290281,2705,,51.51210178
650,652,471.2682218,16.06592559,29881,,143.642554
650,631,379.9435364,12.95259112,2855,,115.8067899
651,627,383.2748593,26.13231738,2810,,116.8221771
651,650,280.7017526,9.569356181,29882,,85.55789419
652,653,283.0635971,5.514213385,29880,,86.2777844
653,654,279.0161286,5.435366775,29887,,85.044116
653,612,763.0235917,26.01210878,3047,,232.5695908
654,655,244,4.75323595,29879,,74.3712
654,640,147.0136048,5.011816046,3146,,44.80974674
655,656,51,0.993504236,29892,,15.5448
655,674,381.3921062,4.333991357,116538,,116.248314
656,657,46,0.89610186,29891,,14.0208
657,645,71.36440898,0.81095735,137336,,21.75187186
657,658,220,4.285704545,29890,,67.056
658,641,145.0137925,4.943640781,3321,,44.20020395
659,639,175.0028571,11.93198587,1641,,53.34087084
660,651,42.43806628,1.446748971,2813,,12.9351226
660,668,395.6743913,13.48886905,48835,,120.6015545
661,692,1015.205398,34.60919627,104311,,309.4346053
662,678,546.1604296,10.63946471,163924,,166.4696989
663,661,276.071983,9.411523485,104517,,84.14674042
664,648,184.9788937,6.306084317,2616,,56.3815668
665,652,199.0025126,6.784161147,2980,,60.65596584
666,660,171.3385809,5.84107471,2812,,52.22399946
667,726,87.5864078,2.98589348,220121,,26.6963371
667,727,235.0300228,8.012368931,220124,,71.63715095
668,670,99.90495483,1.946195996,48837,,30.45103023
668,650,319.5167912,10.89259313,2856,,97.38871796
669,688,245.7343453,8.377288187,2828,,74.89982845
669,670,350.069993,11.93417718,19423,,106.7013339
669,666,165.0030303,5.625090521,2811,,50.29292364
670,671,404.0309394,7.870714698,19424,,123.1486303
670,693,633.2708741,12.33641756,48836,,193.0209624
671,673,280.016071,5.454846129,19422,,85.34889844
671,665,185.0108105,6.307172387,2981,,56.39129504
672,674,296.0142024,5.766497331,19421,,90.22512889
672,654,375.0479969,12.78569811,3147,,114.3146295
673,672,277.016245,5.396408093,19425,,84.43455148
673,679,61.25192821,2.088129171,3130,,18.66958772
673,653,381.0209968,12.98932264,3048,,116.1351998
674,675,51.001,0.993523716,19429,,15.5451048
674,687,206.5052444,2.346645171,37607,,62.94279849
675,676,46,0.89610186,19430,,14.0208
676,657,381.5542658,4.335834075,37606,,116.2977402
676,677,177.0112991,3.448264223,19428,,53.95304397
677,658,380.0118419,12.95491971,3322,,115.8276094
677,683,156.0288435,5.31915303,39739,,47.5575915
678,667,296.609941,20.22335911,162998,,90.40671002
679,691,216.8518191,7.39265885,3129,,66.09643446
680,678,429.8856766,14.65516021,138098,,131.0291542
681,682,53.04732759,3.616855025,104510,,16.16882545
681,663,402.0024317,13.70459721,104516,,122.5303412
682,686,55.17076288,3.761634374,104511,,16.81604853
684,691,115.2562363,7.858361888,108227,,35.13010082
685,676,196.7029372,2.23525557,37608,,59.95505526
686,681,98.12746403,6.690493705,104512,,29.90925104
686,690,60.44548629,4.12127379,104513,,18.42378422
688,697,729.8791906,24.88218858,49095,,222.4671773
689,680,63.22231051,2.155301142,2016,,19.27016024
690,696,444.0322697,30.27485867,104508,,135.3410358
691,693,193.6104336,6.60034069,3128,,59.01246016
692,689,294.8296042,10.05098639,2018,,89.86406336
693,695,195.1332878,6.652256056,3126,,59.47662612
694,690,391.0883101,26.66505145,104509,,119.2037169
695,697,180.9226354,6.167803098,3127,,55.14521927
696,694,97.80002045,6.668168058,104507,,29.80944623
698,3,28.53887042,0.555950758,169624,,8.698647704
699,700,148.9130799,10.15314146,174317,,45.38870675
700,264,333.1931276,6.490760461,174321,,101.5572653
701,543,501.7294857,17.10437541,133489,,152.9271472
701,543,242.5009015,4.724032799,189014,,73.91427478
703,470,543.2249988,37.03798392,77401,,165.5749796
703,509,430.8461304,29.37580576,189111,,131.3219005
704,514,516.8372834,35.2388256,189112,,157.532004
704,707,358.972609,12.23767477,199661,,109.4148512
705,147,92.09195366,6.27898257,198824,,28.06962748
706,136,45.00644345,3.06861417,198944,,13.71796396
709,700,422.1973369,8.224604754,211064,,128.6857483
709,710,341.8410604,23.30729206,211065,,104.1931552
711,581,307.9091882,5.998217307,33777,,93.85072056
711,622,915.2063159,17.82865395,33794,,278.9548851
711,712,219.7296806,7.490767541,214237,,66.97360665
712,574,130.5609489,8.901862648,38436,,39.79497722
712,549,367.5638337,12.53055676,238,,112.0334565
713,528,187.1573848,6.38035089,214926,,57.04557089
714,713,281.3956418,19.18602288,214923,,85.76939162
714,529,189.171,6.448996707,214928,,57.6593208
715,13,3.64966328,0.041473352,215920,,1.112417368
716,16,1601.204933,18.19546925,215923,,488.0472636
718,354,779.6402144,15.18776187,218005,,237.6343373
719,513,220.1559766,4.288743044,218006,,67.10354167
720,283,188.7663104,6.435200502,218267,,57.53597141
720,721,277.1382392,4.723936523,218268,,84.47173531
721,723,182.790194,3.115734862,218272,,55.71445113
722,110,897.5651904,15.29937188,218270,,273.57787
723,722,593.1084363,10.10977991,218273,,180.7794514
724,725,696.2719885,13.56370921,218306,,212.2237021
725,123,1326.605129,25.84289832,33840,,404.3492433
726,626,741.0296788,25.262318,220122,,225.8658461
727,642,216.3478036,7.375476542,220123,,65.94281054
728,624,45.45182136,1.549490388,220125,,13.85371515
729,620,163.5245175,5.57468679,220128,,49.84227293
731,665,234.6737979,16.00044986,108234,,71.5285736
